"","weekday_sun","season","temp","dewp","NUM_COLLISIONS"
"1",4,1,38,25.6,0
"2",5,1,27.5,12.1,0.27887323943662
"3",6,1,21.8,7.8,0.473239436619718
"4",7,1,32.2,21.1,0.349295774647887
"5",2,1,37.3,24.5,0.0225352112676056
"6",1,1,35.7,31.3,0.0338028169014084
"7",3,1,35.9,31,0.394366197183099
"8",4,1,39.8,34.1,0.371830985915493
"9",5,1,39.9,37.6,0.298591549295775
"10",6,1,43.5,30.4,0.490140845070423
"11",7,1,38,31.4,0.785915492957746
"12",2,1,42.7,41.5,0.264788732394366
"13",3,1,47.2,47.1,0.453521126760563
"14",4,1,42.3,38.3,0.380281690140845
"15",5,1,41.6,40,0.554929577464789
"16",6,1,39.4,34.6,0.309859154929577
"17",7,1,28.1,16.6,0.507042253521127
"18",2,1,35.9,26.6,0.290140845070423
"19",1,1,46.3,41.2,0.0338028169014084
"20",4,1,26.3,18.1,0.459154929577465
"21",5,1,16.2,-1.1,0.461971830985915
"22",6,1,14.3,-1.9,0.487323943661972
"23",7,1,19,3.3,0.825352112676056
"24",2,1,24.4,16.6,0.498591549295775
"25",1,1,21.7,4.7,0.135211267605634
"26",3,1,27.3,10.8,0.354929577464789
"27",4,1,35.4,34.9,0.453521126760563
"28",5,1,45.1,44,0.326760563380282
"29",6,1,46.5,40.3,0.594366197183099
"30",7,1,33.1,15.5,0.543661971830986
"31",2,1,27.6,10.4,0.430985915492958
"32",1,1,30.7,24.5,0.180281690140845
"33",3,1,29,16.9,0.484507042253521
"34",4,1,28.7,16.6,0.52112676056338
"35",5,1,34.8,30.4,0.52112676056338
"36",6,1,29.4,13.4,0.408450704225352
"37",7,1,34.3,28.5,0.907042253521127
"38",2,1,29.2,25.8,0.0619718309859155
"39",1,1,24.7,14.7,0.0535211267605634
"40",3,1,36.4,32,0.264788732394366
"41",4,1,41.4,36.6,0.329577464788732
"42",5,1,36.1,25.2,0.532394366197183
"43",6,1,36.6,29.3,0.704225352112676
"44",7,1,38.6,33.2,0.628169014084507
"45",2,1,39.2,35.8,0.191549295774648
"46",1,1,30.9,25.6,0.185915492957746
"47",3,1,24.6,7.6,0.047887323943662
"48",4,1,36.7,25.4,0.270422535211268
"49",5,1,38.7,28.9,0.363380281690141
"50",6,1,30.6,14.1,0.329577464788732
"51",7,1,35.4,25.4,0.422535211267606
"52",2,1,36.3,29.8,0.394366197183099
"53",1,1,42.6,40.7,0.126760563380282
"54",3,1,37.5,30.4,0.307042253521127
"55",4,1,35,26.7,0.43943661971831
"56",5,1,44.1,41,0.476056338028169
"57",6,1,41.4,38.9,0.383098591549296
"58",7,2,39.3,34.2,0.625352112676056
"59",2,2,38.2,29.1,0.261971830985915
"60",1,2,37.4,29.3,0.340845070422535
"61",3,2,37,26.4,0.608450704225352
"62",4,2,38.5,29.8,0.411267605633803
"63",5,2,39.1,34.2,0.264788732394366
"64",6,2,38.3,35.2,0.433802816901408
"65",2,2,39.2,31.7,0.529577464788732
"66",1,2,39,31.7,0.0957746478873239
"67",3,2,39.9,34.7,0.397183098591549
"68",4,2,46,43.9,0.467605633802817
"69",5,2,46.3,41.1,0.71830985915493
"70",6,2,37,25.3,0.495774647887324
"71",7,2,31.2,13.7,0.636619718309859
"72",2,2,37.1,22,0.394366197183099
"73",1,2,34.8,21.5,0.126760563380282
"74",3,2,32.1,15.5,0.68169014084507
"75",4,2,39.6,35.5,0.501408450704225
"76",5,2,36.5,25.7,0.447887323943662
"77",6,2,38.3,29.9,0.357746478873239
"78",7,2,34.3,27.6,0.628169014084507
"79",2,2,38.5,21.7,0.301408450704225
"80",1,2,39.1,23.3,0.197183098591549
"81",3,2,38.1,29.8,0.329577464788732
"82",4,2,39.8,28.7,0.123943661971831
"83",5,2,41.7,30.3,0.169014084507042
"84",6,2,42.5,34.5,0.473239436619718
"85",7,2,45.2,34.3,0.391549295774648
"86",2,2,44.5,35.1,0.371830985915493
"87",1,2,43,38.1,0.126760563380282
"88",3,2,47,42.9,0.276056338028169
"89",4,2,39.6,18.8,0.157746478873239
"90",5,2,42.6,15.7,0.425352112676056
"91",6,2,39,18.8,0.52112676056338
"92",7,2,42.9,38.5,0.566197183098592
"93",2,2,40.2,22,0.422535211267606
"94",1,2,39.7,28.6,0.197183098591549
"95",3,2,50,41.6,0.566197183098592
"96",4,2,49.4,43.4,0.653521126760563
"97",5,2,46.5,42,0.56056338028169
"98",6,2,46.2,41,0.383098591549296
"99",7,2,43.6,35.7,0.754929577464789
"100",2,2,44.4,39.7,0.490140845070423
"101",1,2,46.1,38.4,0.256338028169014
"102",3,2,46.1,34.2,0.625352112676056
"103",4,2,46,40.5,0.515492957746479
"104",5,2,52.1,42.7,0.433802816901408
"105",6,2,46.5,37.3,0.484507042253521
"106",7,2,52.6,49.4,0.532394366197183
"107",2,2,52.7,49.6,0.425352112676056
"108",1,2,45.1,28.5,0.253521126760563
"109",3,2,43,29.8,0.51830985915493
"110",4,2,44.6,40,0.371830985915493
"111",5,2,47.5,43.6,0.611267605633803
"112",6,2,50.8,45.1,0.569014084507042
"113",7,2,49.5,37.8,0.828169014084507
"114",2,2,46.6,34.7,0.383098591549296
"115",1,2,48,38.5,0.166197183098592
"116",3,2,49.7,37.9,0.611267605633803
"117",4,2,51,30.2,0.549295774647887
"118",5,2,49.9,41.4,0.549295774647887
"119",6,2,49.9,42,0.574647887323944
"120",7,2,46.9,39.7,0.859154929577465
"121",2,2,47.8,38.7,0.56056338028169
"122",1,2,47.8,39.9,0.377464788732394
"123",3,2,49.2,43.4,0.507042253521127
"124",4,2,54.4,49.9,0.594366197183099
"125",5,2,59.4,54.7,0.673239436619718
"126",6,2,57.2,53.6,0.622535211267606
"127",7,2,56.1,51,0.892957746478873
"128",2,2,56.2,53.1,0.4
"129",1,2,56.2,53.1,0.411267605633803
"130",3,2,53.1,37.1,0.552112676056338
"131",4,2,51,35.3,0.51830985915493
"132",5,2,53.1,44.5,0.425352112676056
"133",6,2,57.7,50.1,0.501408450704225
"134",2,2,54.6,45.2,0.352112676056338
"135",1,2,56.3,49.4,0.459154929577465
"136",3,2,57.5,54.5,0.777464788732394
"137",4,2,58,55.5,0.890140845070423
"138",5,2,57.8,55.1,0.532394366197183
"139",6,2,61.5,57.6,0.997183098591549
"140",7,2,61,58.7,0.808450704225352
"141",2,2,55.6,52.3,0.374647887323944
"142",1,2,50.2,41.8,0.208450704225352
"143",3,2,56.9,42.8,0.109859154929577
"144",4,2,56.6,49.6,0.859154929577465
"145",5,2,57.9,54.7,0.543661971830986
"146",6,2,60.9,56.2,0.856338028169014
"147",7,2,62,56.8,1
"148",2,4,60.9,57,0.704225352112676
"149",1,4,61.8,58.6,0.298591549295775
"150",3,4,60.8,59.8,0.91830985915493
"151",4,4,61.8,51,0.653521126760563
"152",5,4,58.6,45.6,0.614084507042253
"153",6,4,58.6,51,0.630985915492958
"154",2,4,62.3,59.6,0.535211267605634
"155",1,4,63.6,57.2,0.428169014084507
"156",3,4,62.2,56.1,0.684507042253521
"157",4,4,60.8,59.5,0.715492957746479
"158",5,4,64,55.9,0.659154929577465
"159",6,4,60.8,52.4,0.430985915492958
"160",7,4,55,50.7,0.87887323943662
"161",2,4,62.4,52.3,0.605633802816901
"162",1,4,61.3,57,0.270422535211268
"163",3,4,63.2,59.2,0.656338028169014
"164",4,4,60.9,58.6,0.653521126760563
"165",5,4,62.6,54.4,0.67887323943662
"166",6,4,60.6,53.1,0.845070422535211
"167",7,4,62,56.1,0.870422535211268
"168",2,4,63.4,58.5,0.614084507042253
"169",1,4,64.9,60.9,0.349295774647887
"170",3,4,66.8,64.5,0.842253521126761
"171",4,4,69.7,63.8,0.752112676056338
"172",5,4,69.5,64.6,0.676056338028169
"173",6,4,65.5,64,0.611267605633803
"174",7,4,66.1,64.8,0.63943661971831
"175",2,4,66.2,64.9,0.591549295774648
"176",1,4,65.4,64.2,0.11830985915493
"177",3,4,66.7,65.3,0.709859154929578
"178",4,4,67.7,65.5,0.619718309859155
"179",5,4,68.7,67.2,0.715492957746479
"180",6,4,69.8,68,0.16056338028169
"181",7,4,71.6,68.2,0.549295774647887
"182",2,4,73,69.2,0.380281690140845
"183",1,4,74.4,69.8,0.264788732394366
"184",3,4,72.6,68.9,0.664788732394366
"185",4,4,72.7,69.3,0.569014084507042
"186",5,4,71.1,69.7,0.656338028169014
"187",6,4,71.8,69.7,0.476056338028169
"188",7,4,69.4,67.8,0.614084507042253
"189",2,4,67.9,66.3,0.546478873239437
"190",1,4,72.9,70.5,0.253521126760563
"191",3,4,76.3,71.2,0.563380281690141
"192",4,4,77.4,68.4,0.566197183098592
"193",5,4,72.9,65.8,0.642253521126761
"194",6,4,75.6,69.6,0.71830985915493
"195",7,4,73.9,71.4,0.890140845070423
"196",2,4,74.5,71.7,0.47887323943662
"197",1,4,72.8,69.1,0.185915492957746
"198",3,4,68.3,65.9,0.591549295774648
"199",4,4,72.1,70,0.535211267605634
"200",5,4,74.9,71.6,0.535211267605634
"201",6,4,67.7,62.8,0.354929577464789
"202",7,4,66.1,64.4,0.664788732394366
"203",2,4,69.1,66.1,0.380281690140845
"204",1,4,69.8,68,0.292957746478873
"205",3,4,69.2,67.1,0.608450704225352
"206",4,4,71.2,64.3,0.571830985915493
"207",5,4,70.6,62.6,0.484507042253521
"208",6,4,68.9,64.7,0.738028169014085
"209",7,4,69.7,66,0.690140845070423
"210",2,4,69.3,66.1,0.312676056338028
"211",1,4,69.4,61.9,0.205633802816901
"212",3,4,68.1,54.5,0.461971830985915
"213",4,4,66.2,54.5,0.456338028169014
"214",5,4,64.5,55.9,0.357746478873239
"215",6,4,67.8,64,0.473239436619718
"216",7,4,70.7,68.8,0.557746478873239
"217",2,4,72.4,66.5,0.32112676056338
"218",1,4,69.5,56.7,0.28169014084507
"219",3,4,68.2,63.2,0.388732394366197
"220",4,4,67.8,66.7,0.48169014084507
"221",5,4,68.4,59.6,0.67887323943662
"222",6,4,67.2,52.7,0.614084507042253
"223",7,4,67.4,59.7,0.836619718309859
"224",2,4,67.3,59.8,0.346478873239437
"225",1,4,64.8,58.4,0.171830985915493
"226",3,4,65.5,60.8,0.228169014084507
"227",4,4,71,64.7,0.453521126760563
"228",5,4,70.3,66.7,0.509859154929577
"229",6,4,70.5,68.9,0.554929577464789
"230",7,4,70.6,65,0.71830985915493
"231",2,4,66.2,55.2,0.411267605633803
"232",1,4,64,54.6,0.219718309859155
"233",3,4,68.3,64.1,0.394366197183099
"234",4,4,68,66.6,0.352112676056338
"235",5,4,66.4,64.6,0.284507042253521
"236",6,4,65.7,63.7,0.538028169014084
"237",7,4,65,59.2,0.614084507042253
"238",2,4,69.4,67,0.27887323943662
"239",1,3,70.7,68.3,0.27887323943662
"240",3,3,70.8,68.7,0.140845070422535
"241",4,3,70.1,69,0.47887323943662
"242",5,3,68.5,61.9,0.628169014084507
"243",6,3,67.4,62.1,0.315492957746479
"244",7,3,60.3,47.8,0.402816901408451
"245",2,3,63.6,50.4,0.574647887323944
"246",1,3,68,59.3,0.335211267605634
"247",3,3,59.8,42.5,0.707042253521127
"248",4,3,65.5,57.5,0.698591549295775
"249",5,3,69.9,66.8,0.549295774647887
"250",6,3,70.2,67.6,0.884507042253521
"251",7,3,69.1,67,0.763380281690141
"252",2,3,64.5,57.6,0.388732394366197
"253",1,3,61.2,50.7,0.267605633802817
"254",3,3,62.4,54.8,0.532394366197183
"255",4,3,56.1,43.1,0.692957746478873
"256",5,3,56.1,42.7,0.535211267605634
"257",6,3,62.4,54.6,0.436619718309859
"258",7,3,62.6,58.5,0.704225352112676
"259",2,3,63.6,60.3,0.464788732394366
"260",1,3,66.3,63.4,0.574647887323944
"261",3,3,57.5,44.9,0.788732394366197
"262",4,3,54.5,42.7,0.659154929577465
"263",5,3,55.3,45.3,0.445070422535211
"264",6,3,56.8,46.4,0.380281690140845
"265",7,3,58.1,51.2,0.484507042253521
"266",2,3,59.2,50.1,0.467605633802817
"267",1,3,54.9,50.1,0.352112676056338
"268",3,3,59.5,54.3,0.630985915492958
"269",4,3,62.1,51.8,0.661971830985915
"270",5,3,64.8,58.1,0.749295774647887
"271",6,3,65.8,56.3,0.588732394366197
"272",7,3,62.8,57.5,0.780281690140845
"273",2,3,61.3,57.7,0.326760563380282
"274",1,3,59.1,54.8,0.0647887323943662
"275",3,3,65.7,62.3,0.667605633802817
"276",4,3,61.5,51.6,0.543661971830986
"277",5,3,56.4,44.3,0.416901408450704
"278",6,3,58.4,52.6,0.501408450704225
"279",7,3,60.6,56.6,0.676056338028169
"280",2,3,58.6,53.4,0.492957746478873
"281",1,3,55.1,45.6,0.340845070422535
"282",3,3,51.5,44,0.166197183098592
"283",4,3,53.9,47.3,0.659154929577465
"284",5,3,57.5,55.4,0.470422535211268
"285",6,3,59.4,57.4,0.543661971830986
"286",7,3,62.3,57,0.842253521126761
"287",2,3,57.3,45,0.253521126760563
"288",1,3,58.3,47.4,0.307042253521127
"289",3,3,54.4,41.1,0.661971830985915
"290",4,3,59.1,52.4,0.447887323943662
"291",5,3,52.5,44.6,0.498591549295775
"292",6,3,48.4,34.5,0.707042253521127
"293",7,3,48,30.2,0.749295774647887
"294",2,3,49,32.9,0.690140845070423
"295",1,3,54.3,38.7,0.369014084507042
"296",3,3,50.7,33,0.673239436619718
"297",4,3,47.5,34.1,0.616901408450704
"298",6,3,54.8,50.9,0.659154929577465
"299",7,3,62.3,59.7,0.926760563380282
"300",2,3,57.4,55.2,0.47887323943662
"301",1,3,49.4,43.7,0.0957746478873239
"302",3,3,42,26,0.780281690140845
"303",4,3,43.5,30.4,0.363380281690141
"304",5,3,46.5,41.4,0.715492957746479
"305",6,3,57.8,55.7,0.746478873239437
"306",7,3,47.1,32,0.847887323943662
"307",2,3,41.7,22.4,0.535211267605634
"308",1,3,52.5,39.7,0.261971830985915
"309",3,3,47.1,30.4,0.211267605633803
"310",4,3,45.7,36.8,0.749295774647887
"311",5,3,33.5,20.7,0.597183098591549
"312",6,3,42.8,27.4,0.673239436619718
"313",7,3,53,39.1,0.664788732394366
"314",2,3,51.2,43.6,0.650704225352113
"315",1,3,48.9,45.9,0.425352112676056
"316",3,3,55.9,53.7,0.647887323943662
"317",4,3,47,29.2,0.616901408450704
"318",5,3,38,21.5,0.636619718309859
"319",6,3,39,26.7,0.695774647887324
"320",7,3,46.2,41.9,0.904225352112676
"321",2,3,47.3,34.3,0.436619718309859
"322",1,3,30.5,9.2,0.31830985915493
"323",3,3,27,4.4,0.926760563380282
"324",6,3,40.1,28.4,0.135211267605634
"325",7,3,31.2,12.9,0.157746478873239
"326",2,3,31.3,15.4,0.276056338028169
"327",1,2,43.1,35,0.109859154929577
"328",3,2,44,42.1,0.473239436619718
"329",4,2,41.8,38.2,0.484507042253521
"330",5,2,39.8,31.7,0.391549295774648
"331",6,2,43.4,40.5,0.540845070422535
"332",2,2,39.7,34.5,0.523943661971831
"333",1,2,34,19.4,0.211267605633803
"334",3,2,40.8,36.3,0.726760563380282
"335",4,2,38.8,35.1,0.445070422535211
"336",5,2,31.8,20.6,0.630985915492958
"337",6,2,28.1,11.3,0.752112676056338
"338",7,2,28.1,12,0.884507042253521
"339",2,2,26.9,15.8,0.870422535211268
"340",1,2,40,37.1,0.194366197183099
"341",3,2,32,15.5,0.729577464788732
"342",4,2,28.6,15.9,0.907042253521127
"343",5,2,35.4,30.1,0.901408450704225
"344",6,2,39.1,27.5,0.636619718309859
"345",7,2,42.5,37.5,0.825352112676056
"346",2,2,47.6,45.6,0.6
"347",1,2,51.9,51.2,0.349295774647887
"348",3,2,48.7,47.5,0.91830985915493
"349",4,2,38.4,34.9,0.377464788732394
"350",6,2,33.3,26.8,0.132394366197183
"351",7,2,33.1,22.7,0.267605633802817
"352",2,2,39.3,29.8,0.264788732394366
"353",1,2,43.2,40.6,0.0366197183098592
"354",3,2,42.5,36.9,0.267605633802817
"355",4,2,28.5,16.8,0.236619718309859
"356",5,1,28.2,10.4,0.0601092896174863
"357",6,1,31.1,22.4,0.617486338797814
"358",7,1,24.2,20.2,0.12568306010929
"359",2,1,18.8,10.9,0.112021857923497
"360",3,1,46.3,45.1,0.385245901639344
"361",4,1,23.9,10.4,0.311475409836066
"362",5,1,18.2,5,0.653005464480874
"363",6,1,23.5,8.3,0.502732240437158
"364",7,1,28.8,22.6,0.792349726775956
"365",2,1,44.8,43,0.240437158469945
"366",1,1,45.1,38.4,0.0300546448087432
"367",3,1,38.6,31.2,0.521857923497268
"368",4,1,45.5,43.2,0.497267759562842
"369",5,1,41.1,38.4,0.562841530054645
"370",6,1,40.8,39.3,0.39344262295082
"371",7,1,38.6,35.8,0.579234972677596
"372",2,1,38.8,35.8,0.193989071038251
"373",1,1,36.1,29,0.00819672131147541
"374",5,1,25,20.3,0.330601092896175
"375",6,1,16.5,5.1,0.64207650273224
"376",7,1,14.8,-0.5,0.896174863387978
"377",2,1,32,23,0.26775956284153
"378",1,1,26.8,15.4,0.240437158469945
"379",3,1,38.8,32.3,0.366120218579235
"380",4,1,22.2,-1.3,0.346994535519126
"381",5,1,20.3,10.4,0.743169398907104
"382",6,1,22,5.8,0.765027322404372
"383",7,1,33.7,26.7,0.5
"384",2,1,35.6,25.1,0.355191256830601
"385",1,1,39.3,37.2,0.109289617486339
"386",4,1,32.5,26.2,0.644808743169399
"387",5,1,32.3,29.1,0.248633879781421
"388",6,1,30.4,24.5,0.524590163934426
"389",7,1,28.1,15.7,0.814207650273224
"390",2,1,28.2,14.2,0.128415300546448
"391",1,1,30.3,18.2,0.199453551912568
"392",3,1,28.9,18.8,0.822404371584699
"393",4,1,24,6.4,0.707650273224044
"394",5,1,23.7,10,0.718579234972678
"395",6,1,37,32,0.191256830601093
"396",2,1,35.2,28.8,0.379781420765027
"397",1,1,29.8,22.4,0.237704918032787
"398",4,1,28.2,18.5,0.385245901639344
"399",5,1,35,29.4,0.478142076502732
"400",6,1,39.6,32.2,0.489071038251366
"401",7,1,42.2,40,0.459016393442623
"402",2,1,41.4,36.5,0.573770491803279
"403",1,1,42,36.9,0.101092896174863
"404",3,1,37.5,25.8,0.524590163934426
"405",4,1,27,8.7,0.371584699453552
"406",5,1,25.8,12.6,0.366120218579235
"407",6,1,24.7,11.2,0.530054644808743
"408",7,1,20.3,0.3,0.759562841530055
"409",2,2,24.1,12.5,0.327868852459016
"410",3,2,27.3,20.3,0.172131147540984
"411",4,2,24.8,12.2,0.423497267759563
"412",5,2,29.5,18.3,0.311475409836066
"413",6,2,26.3,14,0.494535519125683
"414",7,2,29.4,20.9,0.426229508196721
"415",2,2,40.3,33.2,0.377049180327869
"416",1,2,35.2,21.7,0.0737704918032787
"417",3,2,33.5,24,0.371584699453552
"418",4,2,41.3,34.1,0.363387978142077
"419",5,2,43.4,37.1,0.377049180327869
"420",6,2,32.2,27.9,0.459016393442623
"421",7,2,25.4,9,0.568306010928962
"422",2,2,41.3,34.3,0.387978142076503
"423",1,2,35.3,16.8,0.0956284153005464
"424",3,2,28.5,12.1,0.387978142076503
"425",4,2,27.7,14.7,0.475409836065574
"426",5,2,35,23.6,0.404371584699454
"427",6,2,41.7,37.6,0.683060109289617
"428",7,2,39.3,28.2,0.579234972677596
"429",2,2,38.1,27.9,0.316939890710383
"430",1,2,38.9,25.3,0.136612021857924
"431",3,2,27.4,8,0.46448087431694
"432",4,2,26.5,10.5,0.265027322404372
"433",5,2,30.8,22.2,0.508196721311475
"434",6,2,28.4,8.6,0.439890710382514
"435",7,2,41.2,35.6,0.418032786885246
"436",2,2,44.9,42.2,0.524590163934426
"437",1,2,46.3,44.7,0.163934426229508
"438",3,2,37.8,35.3,0.497267759562842
"439",4,2,37.1,29.8,0.469945355191257
"440",5,2,39.3,28.6,0.387978142076503
"441",6,2,40.9,30.9,0.587431693989071
"442",7,2,40,30.2,0.669398907103825
"443",2,2,44.8,39.6,0.554644808743169
"444",1,2,41.1,25.3,0.292349726775956
"445",3,2,42,33.9,0.426229508196721
"446",4,2,47.7,45.8,0.62568306010929
"447",5,2,46.8,36.1,0.595628415300546
"448",6,2,41.6,28.9,0.73224043715847
"449",7,2,48,40.6,0.633879781420765
"450",2,2,50.1,40.8,0.549180327868853
"451",1,2,47,40.4,0.286885245901639
"452",3,2,52.2,47.8,0.37431693989071
"453",4,2,52.6,48,0.204918032786885
"454",5,2,42.9,32.6,0.527322404371585
"455",6,2,37.5,23.8,0.35792349726776
"456",7,2,40.4,32,0.325136612021858
"457",2,2,45.7,35.3,0.404371584699454
"458",1,2,44.2,31.2,0.0437158469945355
"459",3,2,43.1,36.9,0.39344262295082
"460",4,2,49.5,43.2,0.224043715846995
"461",5,2,49.5,45.4,0.434426229508197
"462",6,2,49.6,28.7,0.57103825136612
"463",7,2,49,32.3,0.655737704918033
"464",2,2,44.9,36.6,0.467213114754098
"465",1,2,42.4,36.2,0.19672131147541
"466",3,2,46.5,37.2,0.601092896174863
"467",4,2,44.2,36,0.486338797814208
"468",5,2,43.5,36.5,0.748633879781421
"469",6,2,50.3,48.3,0.745901639344262
"470",7,2,51.9,44.7,0.877049180327869
"471",2,2,50.9,41.1,0.581967213114754
"472",1,2,51.4,42.6,0.202185792349727
"473",3,2,53.7,40,0.658469945355191
"474",4,2,52.2,40.5,0.513661202185792
"475",5,2,51.6,38.3,0.617486338797814
"476",6,2,52,43.4,0.598360655737705
"477",7,2,51.5,44.5,0.565573770491803
"478",2,2,54.8,49.9,0.469945355191257
"479",1,2,58.3,49.5,0.565573770491803
"480",4,2,51.8,43.8,0.5
"481",5,2,51.2,44.3,0.713114754098361
"482",6,2,57.8,51.8,0.770491803278688
"483",7,2,58.3,52.8,0.882513661202186
"484",2,2,57.7,54.1,0.66120218579235
"485",1,2,56.5,46.1,0.355191256830601
"486",3,2,56.9,41.8,0.532786885245902
"487",4,2,56.4,45.7,0.745901639344262
"488",5,2,56.3,47.6,0.540983606557377
"489",6,2,50.3,46.2,0.590163934426229
"490",7,2,54.9,48.6,0.773224043715847
"491",2,2,54.6,46.9,0.297814207650273
"492",1,2,53.7,44.4,0.259562841530055
"493",3,2,56.7,51.1,0.153005464480874
"494",4,2,61.1,52.9,0.73224043715847
"495",5,2,51.1,48.4,0.439890710382514
"496",6,2,52,42.7,0.781420765027322
"497",7,2,49.7,42.2,0.745901639344262
"498",2,2,53.9,46.5,0.573770491803279
"499",1,4,58.4,43.5,0.620218579234973
"500",3,4,57.4,46.6,0.726775956284153
"501",4,4,58.2,47.9,0.781420765027322
"502",5,4,55.2,51.2,0.560109289617486
"503",6,4,60,57.2,0.524590163934426
"504",7,4,61.3,54.4,1
"505",2,4,65.6,54,0.672131147540984
"506",1,4,64.9,55.5,0.379781420765027
"507",3,4,61.2,57,0.412568306010929
"508",4,4,63.8,60.7,0.524590163934426
"509",5,4,61.2,54.4,0.543715846994536
"510",6,4,61,53,0.508196721311475
"511",7,4,61.7,58.6,0.904371584699454
"512",2,4,66.5,63.8,0.644808743169399
"513",1,4,66.1,54.5,0.26775956284153
"514",3,4,65.2,50,0.669398907103825
"515",4,4,62.5,55.2,0.789617486338798
"516",5,4,71.6,62.9,0.781420765027322
"517",6,4,67.3,61.5,0.814207650273224
"518",2,4,59.9,46.2,0.491803278688525
"519",1,4,63.2,49.2,0.273224043715847
"520",3,4,62.1,50.3,0.729508196721312
"521",4,4,60,51.9,0.69672131147541
"522",5,4,66.8,61.6,0.734972677595628
"523",6,4,66.7,64.4,0.800546448087432
"524",7,4,63.9,53.8,0.773224043715847
"525",2,4,62.2,51.9,0.639344262295082
"526",1,4,64.7,57.9,0.437158469945355
"527",3,4,67.3,61.6,0.636612021857924
"528",4,4,68.6,65.1,0.653005464480874
"529",5,4,69,66,0.76775956284153
"530",6,4,69.1,67.3,0.991803278688525
"531",2,4,67,55.8,0.349726775956284
"532",1,4,68.2,59.1,0.202185792349727
"533",3,4,68.6,62.8,0.647540983606557
"534",4,4,69.5,66.2,0.592896174863388
"535",5,4,69.4,66.7,0.524590163934426
"536",6,4,69.4,66.1,0.565573770491803
"537",7,4,69.1,62.4,0.724043715846995
"538",2,4,65.7,58.8,0.472677595628415
"539",1,4,68.7,63.6,0.169398907103825
"540",3,4,69.7,67,0.519125683060109
"541",4,4,71.4,69.1,0.573770491803279
"542",5,4,70.4,68.5,0.475409836065574
"543",6,4,70.4,63.7,0.573770491803279
"544",7,4,69.6,59.4,0.674863387978142
"545",2,4,65,54.1,0.281420765027322
"546",1,4,65.2,57.9,0.202185792349727
"547",3,4,65.9,63.3,0.491803278688525
"548",4,4,67.1,63.5,0.573770491803279
"549",5,4,69.2,65.9,0.584699453551913
"550",6,4,69.6,66.7,0.442622950819672
"551",7,4,67.4,60.8,0.754098360655738
"552",2,4,66.9,63.2,0.42896174863388
"553",1,4,68.6,65.2,0.270491803278689
"554",3,4,69.4,66.9,0.595628415300546
"555",4,4,68.9,62.8,0.407103825136612
"556",5,4,67.3,60.6,0.622950819672131
"557",6,4,67.7,62.9,0.680327868852459
"558",7,4,67.5,62.9,0.792349726775956
"559",2,4,64.3,60,0.445355191256831
"560",1,4,66.4,64.6,0.270491803278689
"561",3,4,68.2,65.5,0.579234972677596
"562",4,4,69.2,67.4,0.62568306010929
"563",5,4,70.1,65.7,0.505464480874317
"564",6,4,69.3,60.6,0.568306010928962
"565",7,4,66.3,57.6,0.612021857923497
"566",2,4,70.4,61.3,0.439890710382514
"567",1,4,69.1,61.4,0.368852459016393
"568",3,4,66.3,59.2,0.620218579234973
"569",4,4,67.2,62.2,0.311475409836066
"570",5,4,66.6,63.5,0.532786885245902
"571",6,4,67.8,60.8,0.677595628415301
"572",7,4,66.8,59.2,0.396174863387978
"573",2,4,66.3,58.8,0.308743169398907
"574",1,4,68.3,64.7,0.270491803278689
"575",3,4,67.9,57.7,0.595628415300546
"576",4,4,63.9,56.9,0.379781420765027
"577",5,4,63.8,55.9,0.475409836065574
"578",6,4,67.1,60.6,0.519125683060109
"579",7,4,63.9,60,0.521857923497268
"580",2,4,65.6,60.1,0.210382513661202
"581",1,4,63.9,56.8,0.163934426229508
"582",3,4,63.3,56.5,0.469945355191257
"583",4,4,63,56,0.631147540983607
"584",5,4,67.5,64.7,0.439890710382514
"585",6,4,71,62.4,0.658469945355191
"586",7,4,67.2,53.4,0.693989071038251
"587",2,4,60.1,51.2,0.363387978142077
"588",1,4,69.1,65.6,0.322404371584699
"589",3,3,71.5,69.2,0.040983606557377
"590",4,3,71.1,69.4,0.882513661202186
"591",5,3,74,65.1,0.554644808743169
"592",6,3,69.4,60.8,0.956284153005464
"593",7,3,70.3,67.2,0.737704918032787
"594",2,3,72,69.9,0.480874316939891
"595",1,3,70.1,62.9,0.273224043715847
"596",3,3,63.6,55.3,0.603825136612022
"597",4,3,64.6,56.5,0.587431693989071
"598",5,3,66.2,61.2,0.658469945355191
"599",6,3,64.4,60.3,0.66120218579235
"600",7,3,67.1,58.8,0.96448087431694
"601",2,3,59.9,53.2,0.494535519125683
"602",1,3,62.2,54.3,0.412568306010929
"603",3,3,57.5,47.6,0.636612021857924
"604",4,3,61.2,50.8,0.644808743169399
"605",5,3,61.9,54.4,0.76775956284153
"606",6,3,61.1,47.4,0.745901639344262
"607",7,3,57.2,42.7,0.740437158469945
"608",2,3,57,47.3,0.592896174863388
"609",1,3,66.1,63.2,0.377049180327869
"610",3,3,67.9,61.5,0.778688524590164
"611",4,3,59,42.3,0.587431693989071
"612",5,3,58.9,51.3,0.516393442622951
"613",6,3,59.7,55.3,0.311475409836066
"614",7,3,63.1,59.1,0.726775956284153
"615",2,3,63.5,55.3,0.609289617486339
"616",1,3,63.3,58.5,0.368852459016393
"617",3,3,65.9,63.2,0.516393442622951
"618",4,3,63.3,61.3,0.579234972677596
"619",5,3,62.4,60.6,0.497267759562842
"620",6,3,59.9,56.3,0.494535519125683
"621",7,3,58.5,54,0.934426229508197
"622",2,3,59.4,57.3,0.420765027322404
"623",1,3,59.6,50.4,0.349726775956284
"624",3,3,55.7,42.6,0.715846994535519
"625",4,3,63,57,0.663934426229508
"626",5,3,65.2,60.4,0.715846994535519
"627",6,3,60.8,45.9,0.333333333333333
"628",7,3,59,44,0.448087431693989
"629",2,3,52.9,48.1,0.461748633879781
"630",1,3,53.3,43.7,0.262295081967213
"631",3,3,50.9,43.2,0.202185792349727
"632",4,3,63.2,58.4,0.87431693989071
"633",5,3,64.9,62.1,0.540983606557377
"634",6,3,65,63.4,0.614754098360656
"635",7,3,63.2,59.7,0.740437158469945
"636",2,3,62.7,58.8,0.319672131147541
"637",1,3,56,45.2,0.289617486338798
"638",3,3,49,32.4,0.584699453551913
"639",4,3,57.7,52.3,0.628415300546448
"640",5,3,57,55.4,0.904371584699454
"641",6,3,59.5,57,0.715846994535519
"642",7,3,54.3,51.1,0.797814207650273
"643",2,3,54.7,45.9,0.377049180327869
"644",1,3,57.6,45.4,0.377049180327869
"645",3,3,54.1,40.5,0.724043715846995
"646",4,3,54.3,48,0.530054644808743
"647",5,3,61.9,59,0.489071038251366
"648",6,3,56.1,45,0.680327868852459
"649",7,3,51.3,43.6,0.795081967213115
"650",2,3,53,46.9,0.762295081967213
"651",1,3,43.5,38.4,0.423497267759563
"652",3,3,44.6,20.6,0.677595628415301
"653",4,3,52.7,37.7,0.439890710382514
"654",5,3,57.7,52.4,0.483606557377049
"655",6,3,53.6,48.7,0.751366120218579
"656",7,3,52.5,46.7,0.721311475409836
"657",2,3,43.9,29.7,0.453551912568306
"658",1,3,53.2,42.7,0.114754098360656
"659",3,3,48.2,42.2,0.5
"660",4,3,51,47.2,0.316939890710383
"661",5,3,56.5,53.5,0.461748633879781
"662",6,3,49.8,41.1,0.871584699453552
"663",7,3,43.7,34.9,0.756830601092896
"664",2,3,37,20.6,0.415300546448087
"665",1,3,38.1,26,0.14207650273224
"666",3,3,52.1,48.9,0.789617486338798
"667",4,3,48.9,39.6,0.915300546448087
"668",5,3,33.6,14.6,0.699453551912568
"669",6,3,45.7,32.6,0.704918032786885
"670",7,3,36.8,15.4,0.819672131147541
"671",2,3,37.1,19.7,0.368852459016393
"672",1,3,52.6,41.5,0.131147540983607
"673",3,3,54.8,52.5,0.942622950819672
"674",4,3,56.7,53.5,0.60655737704918
"675",5,3,48,41.1,0.997267759562842
"676",6,3,41.8,36.7,0.00273224043715847
"677",7,3,37,30.9,0.183060109289617
"678",2,3,30.9,16.8,0.046448087431694
"679",1,3,46.1,38.6,0
"680",3,2,53.2,49,0.729508196721312
"681",4,2,42.5,32.4,0.639344262295082
"682",5,2,51.2,48.4,0.524590163934426
"683",6,2,43.1,28,0.62568306010929
"684",7,2,39.3,27.7,0.808743169398907
"685",2,2,48.9,45.2,0.685792349726776
"686",1,2,41.9,34,0.316939890710383
"687",3,2,35.4,24.7,0.551912568306011
"688",4,2,48.7,45.1,0.73224043715847
"689",5,2,47.9,44.8,0.743169398907104
"690",6,2,40.8,33.7,0.797814207650273
"691",7,2,37,27.8,0.846994535519126
"692",2,2,36.9,27.7,0.592896174863388
"693",1,2,39,30.1,0.169398907103825
"694",3,2,37.8,31.6,0.937158469945355
"695",4,2,44,37,0.73224043715847
"696",5,2,48.6,45.7,0.486338797814208
"697",6,2,42.4,32.2,0.666666666666667
"698",7,2,37.3,26.2,0.751366120218579
"699",2,2,38.2,30.8,0.349726775956284
"700",1,2,41.4,34,0.087431693989071
"701",3,2,42.9,37.4,0.516393442622951
"702",4,2,47.4,44.2,0.969945355191257
"703",5,2,50.7,49.2,0.387978142076503
"704",7,2,44.8,33.5,0.188524590163934
"705",2,2,43.7,36.4,0.0792349726775956
"706",3,2,41.2,27.8,0.092896174863388
"707",4,2,32.1,15.4,0.251366120218579
"708",5,2,26.9,8.3,0.229508196721311
"709",7,1,40.4,21.5,0.0992555831265509
"710",2,1,34.5,19.8,0.133995037220844
"711",3,1,44,32.1,0.238213399503722
"712",4,1,20.8,5.2,0.930521091811414
"713",5,1,22.6,10.2,0.337468982630273
"714",6,1,13.1,-2.4,0.424317617866005
"715",7,1,35.2,22.5,0.866004962779156
"716",2,1,26.9,10,0.196029776674938
"717",3,1,40.9,35.6,0.441687344913151
"718",4,1,32.6,25.6,0.523573200992556
"719",5,1,32.1,24,0.258064516129032
"720",6,1,35.8,33.6,0.362282878411911
"721",7,1,34.5,23.4,0.399503722084367
"722",2,1,20.2,1.9,0.230769230769231
"723",3,1,41.7,36,0.233250620347395
"724",4,1,35.7,23.4,0.24317617866005
"725",5,1,32.3,17.7,0.230769230769231
"726",6,1,35.5,30.5,0.26302729528536
"727",7,1,31.6,20.4,0.486352357320099
"728",2,1,38.5,34.8,0.0645161290322581
"729",1,1,36.5,26.7,0.00992555831265509
"730",3,1,31.2,20.9,0.203473945409429
"731",5,1,21.6,14.7,0.138957816377171
"732",6,1,29.2,20.9,0.290322580645161
"733",7,1,35.1,31.1,0.54590570719603
"734",2,1,24.5,12.9,0.307692307692308
"735",3,1,33.1,27.4,0.689826302729528
"736",4,1,21,11.7,0.838709677419355
"737",5,1,28.1,18.4,0.45409429280397
"738",6,1,34.1,28.9,0.41439205955335
"739",7,1,16.8,5,0.620347394540943
"740",2,1,27.4,16,0.116625310173697
"741",3,1,37.1,34.3,0.359801488833747
"742",4,1,36.4,32.9,0.419354838709677
"743",5,1,32.6,23.3,0.516129032258065
"744",6,1,31,23.6,0.307692307692308
"745",7,1,21.8,11,0.880893300248139
"746",2,1,20.6,8.9,0.0843672456575682
"747",1,1,25.7,21,0.129032258064516
"748",3,1,10.7,-4.6,0
"749",4,1,21.7,11.8,0.540942928039702
"750",5,1,30.6,24.5,0.555831265508685
"751",6,1,27,19.7,0.280397022332506
"752",7,1,14.1,-0.8,0.543424317617866
"753",2,1,21.9,10.6,0.285359801488834
"754",1,1,36,34,0.290322580645161
"755",3,1,29.4,19.6,0.426799007444169
"756",4,1,14.3,0.2,0.441687344913151
"757",5,1,29.9,21.8,0.560794044665012
"758",6,1,28,19.6,0.339950372208437
"759",7,1,24.2,12.2,0.746898263027295
"760",2,1,22.2,9.9,0.337468982630273
"761",1,2,23.1,14.2,0.722084367245658
"762",3,2,33.4,27.2,0.615384615384615
"763",4,2,27,10.3,0.568238213399504
"764",5,2,36.1,33.8,0.426799007444169
"765",2,2,25,15.9,0.436724565756824
"766",1,2,33.8,28,0.153846153846154
"767",3,2,35.6,26.1,0.642679900744417
"768",4,2,36.5,30.3,0.451612903225806
"769",5,2,42.1,38.5,0.404466501240695
"770",6,2,38.1,21.9,0.456575682382134
"771",7,2,31.1,11.6,0.513647642679901
"772",2,2,38.7,33.3,0.260545905707196
"773",1,2,38.5,33.8,0.141439205955335
"774",3,2,32.9,18.5,0.315136476426799
"775",4,2,38.6,34.1,0.312655086848635
"776",5,2,31,3.9,0.359801488833747
"777",6,2,27.6,-1.5,0.446650124069479
"778",7,2,30.3,13.2,0.416873449131514
"779",2,2,34.2,31,0.260545905707196
"780",1,2,35.1,18.8,0.0744416873449131
"781",3,2,27.2,1.4,0.456575682382134
"782",4,2,31.4,16.3,0.493796526054591
"783",5,2,33.6,24.1,0.337468982630273
"784",6,2,42.6,39.7,0.305210918114144
"785",7,2,42.4,40,0.32258064516129
"786",2,2,37.4,34.5,0.141439205955335
"787",1,2,34.9,23.9,0.255583126550869
"788",3,2,36.8,28.3,0.382133995037221
"789",4,2,39.4,31.2,0.560794044665012
"790",5,2,37.9,24.8,0.610421836228288
"791",6,2,37.1,27.6,0.622828784119107
"792",7,2,45,41.6,0.220843672456576
"793",2,2,47.3,39.1,0.260545905707196
"794",1,2,41.6,27.3,0.0496277915632754
"795",3,2,43.2,36.1,0.267990074441687
"796",4,2,44.2,40.5,0.124069478908189
"797",5,2,41.2,34.2,0.136476426799007
"798",6,2,39.4,35.5,0.124069478908189
"799",7,2,43.9,41.7,0.208436724565757
"800",2,2,47.8,40.7,0.431761786600496
"801",1,2,45,31.4,0.101736972704715
"802",3,2,45,38.2,0.377171215880893
"803",4,2,49.8,46.3,0.347394540942928
"804",5,2,50.6,35.8,0.478908188585608
"805",6,2,46.4,28.5,0.392059553349876
"806",7,2,47.5,43.2,0.687344913151365
"807",2,2,51.9,45.2,0.503722084367246
"808",1,2,46.3,37.4,0.1712158808933
"809",3,2,45.2,40.7,0.56575682382134
"810",4,2,51.5,48.6,0.602977667493797
"811",5,2,49.8,39.7,0.411910669975186
"812",6,2,46.9,37.6,0.521091811414392
"813",7,2,44,27.7,0.679900744416873
"814",2,2,43.7,27.5,0.471464019851117
"815",1,2,46.1,34,0.186104218362283
"816",3,2,49,37.9,0.387096774193548
"817",4,2,46,35.9,0.523573200992556
"818",5,2,49.3,38.5,0.687344913151365
"819",6,2,48.1,38.3,0.590570719602978
"820",7,2,43.8,37.2,0.595533498759305
"821",2,2,44.4,36.7,0.342431761786601
"822",1,2,44.5,38,0.379652605459057
"823",3,2,52.2,47.2,0.593052109181141
"824",4,2,57.1,48.6,0.58560794044665
"825",5,2,55.3,42.1,0.411910669975186
"826",6,2,55.9,42.3,0.699751861042184
"827",7,2,52.4,47.8,0.761786600496278
"828",2,2,54.3,50.9,0.392059553349876
"829",1,2,57,54.8,0.364764267990074
"830",3,2,57.9,55.9,0.602977667493797
"831",4,2,58.3,56.2,0.699751861042184
"832",5,2,59.5,47.2,0.627791563275434
"833",6,2,54,39.9,0.62531017369727
"834",7,2,54.4,46.4,0.796526054590571
"835",2,2,55.5,50.3,0.615384615384615
"836",1,2,63.1,56.2,0.349875930521092
"837",3,2,53.9,48.8,0.406947890818859
"838",4,2,51.4,49.9,0.506203473945409
"839",5,2,58.8,50.1,0.655086848635236
"840",6,2,54.8,41.1,0.528535980148883
"841",7,2,53.8,48,0.806451612903226
"842",2,2,54.8,33.2,0.357320099255583
"843",1,2,56.5,48.2,0.0744416873449131
"844",3,2,58.9,52.6,0.0446650124069479
"845",4,2,61.1,56.2,0.704714640198511
"846",5,2,62.4,57.8,0.732009925558313
"847",6,2,62.4,57.6,0.694789081885856
"848",2,2,63.3,59.9,0.54590570719603
"849",1,2,64.7,60.9,0.379652605459057
"850",3,4,55.9,52.8,0.71712158808933
"851",4,4,53.4,50.1,0.595533498759305
"852",5,4,53,44.9,0.635235732009926
"853",6,4,52.2,42.8,0.372208436724566
"854",7,4,53.1,46.6,0.719602977667494
"855",2,4,58,52.5,0.486352357320099
"856",1,4,59.5,45.8,0.389578163771712
"857",3,4,59.6,51.8,0.575682382133995
"858",4,4,64,59.9,0.620347394540943
"859",5,4,65.2,58.5,0.657568238213399
"860",6,4,64.6,59.7,0.655086848635236
"861",7,4,67,60.2,0.121588089330025
"862",1,4,66.9,53.5,0.436724565756824
"863",3,4,57.8,51.4,0.258064516129032
"864",4,4,64.2,61.9,0.47394540942928
"865",5,4,64.8,53.9,0.754342431761787
"866",6,4,59.1,47.7,0.528535980148883
"867",7,4,65.6,58,0.818858560794045
"868",2,4,62,56,0.255583126550869
"869",1,4,64.9,61.5,0.540942928039702
"870",3,4,67.1,62.7,0.923076923076923
"871",4,4,65.5,61.1,0.746898263027295
"872",5,4,70.8,62.5,0.933002481389578
"873",6,4,68.7,57.9,0.665012406947891
"874",7,4,66,60.5,0.923076923076923
"875",2,4,61.5,55.4,0.478908188585608
"876",1,4,64.4,61.6,0.330024813895782
"877",3,4,64.3,59.4,0.645161290322581
"878",4,4,67.1,61.8,0.54590570719603
"879",5,4,65.5,62.2,0.69727047146402
"880",6,4,68.7,62.5,0.498759305210918
"881",7,4,68.3,58.3,0.364764267990074
"882",1,4,65.8,59.5,0.161290322580645
"883",3,4,69.2,64.4,0.486352357320099
"884",4,4,68.1,64.3,0.60545905707196
"885",5,4,70.6,67.8,0.540942928039702
"886",6,4,69.1,61.2,0.409429280397022
"887",7,4,65.2,60.1,0.761786600496278
"888",2,4,71.8,62.1,0.483870967741935
"889",1,4,71.5,64.6,0.295285359801489
"890",3,4,70.9,64.9,0.660049627791563
"891",4,4,67.4,63,0.632754342431762
"892",5,4,72.3,68.8,0.518610421836228
"893",6,4,67.3,57.3,0.704714640198511
"894",7,4,64.9,57.6,0.637717121588089
"895",2,4,67.8,60.5,0.39454094292804
"896",1,4,71.4,67.9,0.354838709677419
"897",3,4,73.4,69.9,0.806451612903226
"898",4,4,72.6,69.7,0.506203473945409
"899",5,4,73.7,65,0.535980148883375
"900",6,4,71.9,60.8,0.548387096774194
"901",7,4,71.7,60.3,0.218362282878412
"902",2,4,68.5,60.2,0.121588089330025
"903",1,4,65.8,61.6,0.369727047146402
"904",3,4,71.1,66.5,0.555831265508685
"905",4,4,72.4,68.7,0.598014888337469
"906",5,4,76,69.9,0.563275434243176
"907",6,4,74.2,70.7,0.781637717121588
"908",7,4,76.7,68.5,0.870967741935484
"909",2,4,73.4,68.5,0.660049627791563
"910",1,4,75.9,64.8,0.367245657568238
"911",3,4,74,68.2,0.751861042183623
"912",4,4,75,71.7,0.655086848635236
"913",5,4,74.5,68.8,0.538461538461538
"914",6,4,73.5,59.6,0.56575682382134
"915",7,4,71.2,61.9,0.803970223325062
"916",2,4,69.7,61.1,0.354838709677419
"917",1,4,67,62.1,0.215880893300248
"918",3,4,66.9,60.8,0.518610421836228
"919",4,4,67.9,64.4,0.493796526054591
"920",5,4,71.9,67.4,0.598014888337469
"921",6,4,71.1,65.8,0.774193548387097
"922",7,4,70.4,63.5,0.811414392059553
"923",2,4,71.8,67,0.446650124069479
"924",1,4,74.3,68.8,0.372208436724566
"925",3,4,74.1,70.4,0.471464019851117
"926",4,4,74.5,71,0.548387096774194
"927",5,4,73.9,70.1,0.476426799007444
"928",6,4,73.4,69.4,0.491315136476427
"929",7,4,73.6,70.2,0.870967741935484
"930",2,4,73.9,71.1,0.444168734491315
"931",1,4,73.4,69.9,0.223325062034739
"932",3,4,71.7,69.2,0.429280397022333
"933",4,4,72.8,68.7,0.478908188585608
"934",5,4,73.8,68.1,0.506203473945409
"935",6,4,72.3,60.6,0.52605459057072
"936",7,4,71.4,59.5,0.513647642679901
"937",2,4,70.3,62.5,0.339950372208437
"938",1,4,72.6,66.8,0.399503722084367
"939",3,4,74.8,69.6,0.52605459057072
"940",4,3,74.6,64.7,0.555831265508685
"941",5,3,66,62.6,0.62531017369727
"942",6,3,74.5,70,0.652605459057072
"943",7,3,70.6,65.2,0.598014888337469
"944",2,3,66.8,55.9,0.344913151364764
"945",1,3,66.6,55.9,0.253101736972705
"946",3,3,73,66.9,0.205955334987593
"947",4,3,76.4,69.6,0.975186104218362
"948",5,3,75.8,71,0.838709677419355
"949",6,3,73.8,71.2,0.779156327543424
"950",7,3,68.6,65.6,0.900744416873449
"951",2,3,67.7,59.2,0.377171215880893
"952",1,3,68.2,65,0.188585607940447
"953",3,3,67.6,57.8,0.439205955334988
"954",4,3,70.8,58.4,0.439205955334988
"955",5,3,72.8,61.9,0.858560794044665
"956",6,3,69.3,65.6,0.84863523573201
"957",7,3,70.1,66.5,0.88833746898263
"958",2,3,70.4,66.2,0.627791563275434
"959",1,3,70.7,65.3,0.382133995037221
"960",3,3,63.9,52.9,0.550868486352357
"961",4,3,63.5,55.8,0.419354838709677
"962",5,3,62.4,55.2,0.245657568238213
"963",6,3,61.5,54.2,0.538461538461538
"964",7,3,61.2,50.2,0.45409429280397
"965",2,3,59.4,47.2,0.384615384615385
"966",1,3,59.4,50.9,0.225806451612903
"967",3,3,66.8,62,0.456575682382134
"968",4,3,69.3,65.6,0.384615384615385
"969",5,3,70.5,68.3,0.575682382133995
"970",6,3,59.7,55.3,0.69727047146402
"971",7,3,56,53.3,0.982630272952854
"972",2,3,55.5,50.4,0.382133995037221
"973",1,3,56.2,46.7,0.332506203473945
"974",3,3,58.6,52.1,0.483870967741935
"975",4,3,59.4,51.7,0.568238213399504
"976",5,3,57,50.5,0.660049627791563
"977",6,3,59.8,51.9,0.655086848635236
"978",7,3,58.9,52.7,0.898263027295285
"979",2,3,59.2,49.2,0.612903225806452
"980",1,3,56,46.7,0.389578163771712
"981",3,3,60.2,55.1,0.255583126550869
"982",4,3,64.4,61.2,0.799007444168734
"983",5,3,63.8,57.7,0.635235732009926
"984",6,3,57.1,42,0.69727047146402
"985",7,3,60.1,47.3,0.679900744416873
"986",2,3,52.7,39.6,0.404466501240695
"987",1,3,46.1,28,0.369727047146402
"988",3,3,42.8,24.8,0.657568238213399
"989",4,3,58.2,45.6,0.774193548387097
"990",5,3,62.7,52.4,0.789081885856079
"991",6,3,60.5,55.7,0.655086848635236
"992",7,3,56.2,43,0.843672456575682
"993",2,3,51.5,38.3,0.290322580645161
"994",1,3,57,51.7,0.297766749379653
"995",3,3,52.3,39.8,0.734491315136476
"996",4,3,46.7,36.2,0.568238213399504
"997",5,3,53.8,46.9,0.712158808933002
"998",6,3,63.2,60.9,0.905707196029777
"999",7,3,57.4,41.6,0.709677419354839
"1000",3,3,58.3,49.4,0.523573200992556
"1001",4,3,54.4,50.7,0.627791563275434
"1002",5,3,57,49.3,0.669975186104218
"1003",6,3,58.9,55.9,0.714640198511166
"1004",7,3,62.3,60.4,0.531017369727047
"1005",2,3,61.4,54.7,0.24317617866005
"1006",1,3,53.2,35.5,0.173697270471464
"1007",3,3,51.4,37.7,0.528535980148883
"1008",4,3,55.8,50.8,0.880893300248139
"1009",5,3,56.1,53.7,0.317617866004963
"1010",6,3,52.5,49,0.583126550868486
"1011",7,3,58.3,47.5,0.682382133995037
"1012",2,3,49,29,0.523573200992556
"1013",1,3,47.6,32.3,0.24317617866005
"1014",3,3,54,41.2,0.535980148883375
"1015",4,3,45.3,31.2,0.699751861042184
"1016",5,3,42.9,33.8,0.560794044665012
"1017",6,3,50.4,43.6,0.98014888337469
"1018",2,3,48.8,34.7,0.483870967741935
"1019",1,3,50.1,45.5,0.0719602977667494
"1020",3,3,45.2,35.2,0.749379652605459
"1021",4,3,37.5,17,0.821339950372208
"1022",5,3,39.6,26.8,0.781637717121588
"1023",7,3,52.6,48.4,0.193548387096774
"1024",2,3,54.5,50.4,0.26302729528536
"1025",1,3,46.1,38.8,0.126550868486352
"1026",3,3,40.5,26.7,0.518610421836228
"1027",4,2,40.1,32.7,0.853598014888337
"1028",5,2,53.6,51.9,0.627791563275434
"1029",6,2,53.5,47.1,0.548387096774194
"1030",7,2,45.6,32,0.689826302729528
"1031",2,2,45.6,34,0.563275434243176
"1032",1,2,45.4,40.9,0.205955334987593
"1033",3,2,50.8,45.5,0.660049627791563
"1034",4,2,47.4,42.3,0.535980148883375
"1035",5,2,43.7,32.9,0.429280397022333
"1036",6,2,51.1,46.4,0.660049627791563
"1037",7,2,52.2,50,0.724565756823821
"1038",2,2,55,46.1,0.436724565756824
"1039",1,2,53.6,46.9,0.364764267990074
"1040",3,2,52.6,48.2,0.583126550868486
"1041",4,2,58,51.5,0.875930521091811
"1042",5,2,46.5,35.5,0.672456575682382
"1043",6,2,48.9,43.7,0.851116625310174
"1044",7,2,54.2,52.4,0.905707196029777
"1045",2,2,42.1,24.9,0.550868486352357
"1046",1,2,38.5,19.5,0.24317617866005
"1047",3,2,49.5,40.8,0.521091811414392
"1048",4,2,54.8,52.1,0.73697270471464
"1049",5,2,53.5,51.2,1
"1050",6,2,57.7,55.8,0.498759305210918
"1051",1,2,52.9,49,0.287841191066998
"1052",3,2,40.9,30,0.218362282878412
"1053",4,2,42.8,35.9,0.325062034739454
"1054",5,2,44.8,40.6,0.245657568238213
"1055",6,2,46.5,41.8,0.310173697270471
"1056",1,1,44.4,29.4,0.0105540897097625
"1057",3,1,38.2,27.4,0.45646437994723
"1058",4,1,27.7,18.1,0.559366754617414
"1059",5,1,33.5,19.3,0.519788918205805
"1060",6,1,40.5,29.9,0.300791556728232
"1061",7,1,41.3,33.1,0.45910290237467
"1062",2,1,45.9,38.6,0.33245382585752
"1063",1,1,51.3,49,0.0897097625329815
"1064",3,1,43.2,30.5,0.66490765171504
"1065",4,1,33,19.1,0.551451187335092
"1066",5,1,32.9,18.2,0.467018469656992
"1067",6,1,28.9,14.7,0.445910290237467
"1068",7,1,36.5,25.6,0.775725593667546
"1069",2,1,45.7,42.5,0.356200527704486
"1070",1,1,40.2,32.3,0.0606860158311346
"1071",3,1,34.4,24.9,0.139841688654354
"1072",4,1,25.5,4.8,0.617414248021108
"1073",5,1,29.4,11.2,0.514511873350924
"1074",6,1,30.9,10.8,0.627968337730871
"1075",7,1,28,11.8,0.722955145118733
"1076",1,1,34.5,27.9,0.234828496042216
"1077",3,1,33.5,21.2,0.606860158311346
"1078",4,1,42.2,36.4,0.807387862796834
"1079",5,1,43,36.7,0.638522427440633
"1080",6,1,35,24.4,0.66754617414248
"1081",7,1,41.3,36.8,0.572559366754617
"1082",2,1,37.8,27.3,0.443271767810026
"1083",1,1,45,39,0.274406332453826
"1084",3,1,47.6,43.1,0.759894459102902
"1085",4,1,43.2,32.2,0.746701846965699
"1086",5,1,42.6,37.8,0.398416886543536
"1087",6,1,51.6,49.4,0.477572559366755
"1088",7,1,40.8,38.4,0.472295514511873
"1089",2,1,32.3,23.3,0.329815303430079
"1090",3,1,36.4,31.4,0.192612137203166
"1091",4,1,33.1,27.8,0.377308707124011
"1092",5,1,33.5,28,0.287598944591029
"1093",6,1,31.5,21.3,0.511873350923483
"1094",7,1,19.3,4.2,0.527704485488127
"1095",2,1,23.5,11.8,0.137203166226913
"1096",4,1,44.5,41.7,0.493403693931398
"1097",5,1,41.5,35.8,0.255936675461741
"1098",6,1,36,23.1,0.432717678100264
"1099",7,1,34.7,21.7,0.274406332453826
"1100",2,1,42.8,36.4,0.33509234828496
"1101",1,1,46.8,38.5,0.139841688654354
"1102",3,1,41.8,31.7,0.493403693931398
"1103",4,1,36.5,26.3,0.514511873350924
"1104",5,1,46.9,43.7,0.612137203166227
"1105",6,1,51,47.1,0.620052770448549
"1106",7,1,40.2,23.9,0.12664907651715
"1107",1,1,42.8,31.7,0.213720316622691
"1108",3,1,47.8,40.9,0.496042216358839
"1109",4,2,43.2,29,0.617414248021108
"1110",5,2,45.7,38.8,0.593667546174143
"1111",6,2,29.9,11.8,0.519788918205805
"1112",7,2,33.9,26.2,0.678100263852243
"1113",2,2,34.8,22.6,0.45646437994723
"1114",1,2,33.2,18.7,0.189973614775726
"1115",3,2,36.8,26.1,0.377308707124011
"1116",4,2,44.4,36.5,0.538258575197889
"1117",5,2,46.4,41.8,0.612137203166227
"1118",6,2,49.6,43.8,0.530343007915567
"1119",7,2,46.8,42.9,0.643799472295514
"1120",2,2,41.2,35.4,0.519788918205805
"1121",1,2,50.1,35.2,0.0184696569920844
"1122",3,2,43.8,33.8,0.559366754617414
"1123",4,2,48.3,45.7,0.474934036939314
"1124",5,2,45.2,41.9,0.530343007915567
"1125",6,2,45.4,42.5,0.485488126649077
"1126",7,2,47,37,0.569920844327177
"1127",2,2,40,21.4,0.295514511873351
"1128",1,2,37.2,22.6,0.134564643799472
"1129",3,2,37.4,32,0.49868073878628
"1130",4,2,40.8,23.9,0.527704485488127
"1131",5,2,48.6,40.2,0.509234828496042
"1132",6,2,45.1,38.1,0.546174142480211
"1133",7,2,50.8,48.5,0.311345646437995
"1134",2,2,44.8,37.6,0.269129287598945
"1135",1,2,40,32.8,0.0817941952506596
"1136",3,2,45.1,41.4,0.606860158311346
"1137",4,2,48.6,34.9,0.672823218997362
"1138",5,2,43.4,24.8,0.585751978891821
"1139",6,2,51,44.6,0.591029023746702
"1140",7,2,54.8,52.5,0.722955145118733
"1141",2,2,50.4,47.7,0.445910290237467
"1142",1,2,41.7,32.9,0.414248021108179
"1143",3,2,36.5,22.1,0.672823218997362
"1144",4,2,35.1,23.5,0.643799472295514
"1145",5,2,37,15.3,0.527704485488127
"1146",6,2,50.9,44.8,0.532981530343008
"1147",7,2,49.7,43.2,0.70712401055409
"1148",2,2,41.8,25.1,0.340369393139842
"1149",1,2,40.6,23.9,0.187335092348285
"1150",3,2,47.8,38.9,0.517150395778364
"1151",4,2,52.5,48.6,0.554089709762533
"1152",5,2,46.7,34.2,0.717678100263852
"1153",6,2,44,32.4,0.649076517150396
"1154",7,2,46.4,28.4,0.804749340369393
"1155",2,2,44.3,33.2,0.659630606860158
"1156",1,2,45.8,36.5,0.369393139841689
"1157",3,2,49.5,35.9,0.683377308707124
"1158",4,2,46.9,40,0.802110817941952
"1159",5,2,47.3,33.8,0.70976253298153
"1160",6,2,49.6,39,0.701846965699208
"1161",7,2,55.4,48.4,0.825857519788918
"1162",2,2,53.4,49.8,0.58311345646438
"1163",1,2,49.1,31.2,0.0527704485488127
"1164",3,2,48.4,36.3,0.158311345646438
"1165",4,2,46.8,42.8,0.134564643799472
"1166",5,2,45,36.9,0.216358839050132
"1167",6,2,47.7,34.1,0.160949868073879
"1168",7,2,46.1,33.9,0.234828496042216
"1169",2,2,47.3,33.1,0.403693931398417
"1170",1,2,45.2,36.3,0.147757255936675
"1171",3,2,51.3,48,0.424802110817942
"1172",4,2,48.2,45,0.746701846965699
"1173",5,2,47.3,43.5,0.593667546174143
"1174",6,2,45.5,43.9,0.522427440633245
"1175",7,2,48.5,43.5,0.79155672823219
"1176",2,2,52.5,48.8,0.377308707124011
"1177",1,2,48.5,46.1,0.430079155672823
"1178",3,2,54,40.6,0.575197889182058
"1179",4,2,51.9,38.2,0.474934036939314
"1180",5,2,55.6,42.2,0.715039577836412
"1181",6,2,55.2,45.5,0.83377308707124
"1182",7,2,55.5,51.7,0.891820580474934
"1183",2,2,59.4,54,0.424802110817942
"1184",1,2,55.7,46.4,0.216358839050132
"1185",3,2,50.8,31.4,0.828496042216359
"1186",4,2,55,44.5,0.517150395778364
"1187",5,2,55.5,45.2,0.654353562005277
"1188",6,2,53.9,44.5,0.701846965699208
"1189",7,2,56.4,47.9,0.934036939313984
"1190",2,2,55.7,48.8,0.369393139841689
"1191",1,2,56.3,52.2,0.377308707124011
"1192",3,2,59.4,50.3,0.591029023746702
"1193",4,2,54.6,52,0.704485488126649
"1194",5,2,57.9,53.4,0.804749340369393
"1195",6,2,65.7,53.9,0.828496042216359
"1196",7,2,60,55.8,0.894459102902375
"1197",2,2,62.5,57.3,0.525065963060686
"1198",1,2,64.6,58.2,0.364116094986807
"1199",3,2,62.4,60.5,0.113456464379947
"1200",4,2,62.8,60.6,0.87598944591029
"1201",5,4,64,56.4,0.907651715039578
"1202",6,4,55.7,53.5,0.672823218997362
"1203",7,4,58.4,55.9,0.744063324538259
"1204",2,4,60.2,58,0.546174142480211
"1205",1,4,58.4,56.9,0.100263852242744
"1206",3,4,62.9,61.1,0.870712401055409
"1207",4,4,61.2,59.8,0.741424802110818
"1208",5,4,61.7,55.2,0.883905013192612
"1209",6,4,59.9,46.7,0.680738786279683
"1210",2,4,58.1,53.3,0.411609498680739
"1211",1,4,66,56,0.419525065963061
"1212",3,4,61.5,47.2,0.575197889182058
"1213",4,4,62.2,50,0.762532981530343
"1214",5,4,63.7,55,0.820580474934037
"1215",6,4,65.2,56.3,0.688654353562005
"1216",7,4,63,51.5,0.844327176781003
"1217",2,4,62.6,53.5,0.717678100263852
"1218",1,4,59.9,51.5,0.345646437994723
"1219",3,4,61.4,55.9,0.836411609498681
"1220",4,4,63.6,59.9,0.66754617414248
"1221",5,4,65.6,60.2,0.852242744063325
"1222",6,4,63,59.4,0.567282321899736
"1223",2,4,62.1,52.1,0.686015831134565
"1224",1,4,60.8,49.4,0.406332453825858
"1225",3,4,64.3,58.3,0.765171503957784
"1226",4,4,66.1,64,0.651715039577836
"1227",5,4,67.2,64.8,0.683377308707124
"1228",6,4,68.9,63.6,0.878627968337731
"1229",7,4,66.9,63.6,0.854881266490765
"1230",2,4,69.4,62.8,0.37467018469657
"1231",1,4,67.2,58,0.0527704485488127
"1232",3,4,68.4,62.6,0.158311345646438
"1233",4,4,67.1,65.3,0.620052770448549
"1234",5,4,71.8,65.3,0.66490765171504
"1235",6,4,68.7,66.7,0.461741424802111
"1236",7,4,65.7,64.2,0.485488126649077
"1237",2,4,61.7,58.6,0.184696569920844
"1238",1,4,63,60.1,0.211081794195251
"1239",3,4,63.1,58.4,0.50131926121372
"1240",4,4,66.7,61.2,0.617414248021108
"1241",5,4,67.2,63.3,0.472295514511873
"1242",6,4,69.1,65.9,0.825857519788918
"1243",7,4,70.7,67.9,0.976253298153034
"1244",2,4,73.5,67.3,0.514511873350924
"1245",1,4,70.6,68.7,0.385224274406332
"1246",3,4,71.1,69,0.783641160949868
"1247",4,4,73.8,65.7,0.715039577836412
"1248",5,4,68.3,55.6,0.712401055408971
"1249",6,4,70.4,63.4,0.799472295514512
"1250",7,4,72.4,68.4,0.899736147757256
"1251",2,4,74.3,68.6,0.585751978891821
"1252",1,4,73.2,63.2,0.364116094986807
"1253",3,4,71.5,68.8,0.712401055408971
"1254",4,4,75.3,69.3,0.686015831134565
"1255",5,4,75.4,66.3,0.691292875989446
"1256",6,4,72.2,69,0.741424802110818
"1257",7,4,70.8,68.3,0.912928759894459
"1258",2,4,70.8,66.9,0.451187335092348
"1259",1,4,67.5,64.8,0.266490765171504
"1260",3,4,68.2,62.4,0.372031662269129
"1261",4,4,66.9,61.9,0.45910290237467
"1262",5,4,67.4,60,0.683377308707124
"1263",6,4,64.2,57.8,0.757255936675462
"1264",7,4,65.3,60.4,0.717678100263852
"1265",2,4,71.3,67.5,0.395778364116095
"1266",1,4,74.2,65,0.295514511873351
"1267",3,4,71.3,61.3,0.538258575197889
"1268",4,4,71.5,64.7,0.585751978891821
"1269",5,4,70.6,67.2,0.50131926121372
"1270",6,4,73.6,71.8,0.643799472295514
"1271",7,4,74.3,72.2,0.794195250659631
"1272",2,4,75.9,73.3,0.490765171503958
"1273",1,4,75.3,73.3,0.245382585751979
"1274",3,4,77.5,69.4,0.567282321899736
"1275",4,4,73.1,69,0.569920844327177
"1276",5,4,76.5,70,0.606860158311346
"1277",6,4,71.5,65.7,0.546174142480211
"1278",7,4,74.4,65.7,0.736147757255937
"1279",2,4,69.1,62.1,0.398416886543536
"1280",1,4,68.3,63.6,0.221635883905013
"1281",3,4,73.8,66.7,0.635883905013193
"1282",4,4,69,52.6,0.551451187335092
"1283",5,4,70.1,63.3,0.546174142480211
"1284",6,4,71.7,66.5,0.609498680738786
"1285",7,4,73.4,70,0.865435356200528
"1286",2,4,74.4,64.2,0.517150395778364
"1287",1,4,67.7,61.7,0.345646437994723
"1288",3,4,72.5,66.3,0.646437994722955
"1289",4,4,67.7,59.2,0.511873350923483
"1290",5,4,70.4,65.7,0.614775725593668
"1291",6,3,71.5,67,0.651715039577836
"1292",7,3,69.2,63.2,0.70976253298153
"1293",2,3,63.2,57.5,0.184696569920844
"1294",1,3,65.3,57.4,0.100263852242744
"1295",4,3,69.9,65.8,0.522427440633245
"1296",5,3,70.3,66.8,0.580474934036939
"1297",6,3,68.5,66.8,0.762532981530343
"1298",7,3,71.4,68.3,0.757255936675462
"1299",2,3,71.9,67,0.448548812664908
"1300",1,3,71.3,67.8,0.29023746701847
"1301",3,3,65.1,52.1,0.580474934036939
"1302",4,3,64.1,55.9,0.926121372031662
"1303",5,3,68.4,61.8,0.926121372031662
"1304",6,3,64.5,53.4,0.868073878627968
"1305",7,3,57.7,47.7,0.928759894459103
"1306",2,3,62.6,57.6,0.575197889182058
"1307",1,3,70.6,67.3,0.282321899736148
"1308",3,3,71,68.8,0.66490765171504
"1309",4,3,71.1,69.3,0.503957783641161
"1310",5,3,70,64.4,0.509234828496042
"1311",6,3,67.2,57.8,0.612137203166227
"1312",2,3,60.7,49.5,0.485488126649077
"1313",1,3,57.6,39.4,0.379947229551451
"1314",3,3,55.2,41.1,0.514511873350924
"1315",4,3,65.4,59.8,0.609498680738786
"1316",5,3,63.1,60.7,0.551451187335092
"1317",6,3,60,54.9,0.517150395778364
"1318",2,3,62,60.2,0.403693931398417
"1319",1,3,61.3,59.2,0.153034300791557
"1320",3,3,60.5,56.1,0.163588390501319
"1321",4,3,60.5,54.2,0.25065963060686
"1322",5,3,58.7,53.2,0.704485488126649
"1323",6,3,57.3,50.9,0.886543535620053
"1324",7,3,55.6,49.7,0.860158311345646
"1325",2,3,58.7,55.5,0.54089709762533
"1326",1,3,62.2,59.7,0.137203166226913
"1327",3,3,54.1,43.8,0.29287598944591
"1328",4,3,54.3,42.2,0.820580474934037
"1329",5,3,52.8,46.7,0.184696569920844
"1330",6,3,59.6,56.6,0.868073878627968
"1331",7,3,55.9,45.7,0.894459102902375
"1332",2,3,50.5,38.8,0.562005277044855
"1333",1,3,55.2,47.6,0.197889182058047
"1334",3,3,64.5,59,0.414248021108179
"1335",4,3,63.8,61.6,0.427440633245383
"1336",5,3,65.6,62.5,0.654353562005277
"1337",6,3,60.4,54.3,0.617414248021108
"1338",2,3,61.3,58.9,0.530343007915567
"1339",1,3,53.7,35.4,0.279683377308707
"1340",3,3,57.5,41.6,0.382585751978892
"1341",4,3,49.1,29.5,0.364116094986807
"1342",5,3,44.7,28.1,0.733509234828496
"1343",7,3,51.8,46.3,0.976253298153034
"1344",2,3,51,44.8,0.490765171503958
"1345",1,3,61.1,52.4,0.340369393139842
"1346",3,3,48.3,41.9,0.598944591029024
"1347",4,3,46.2,37.1,0.802110817941952
"1348",5,3,55.9,49.9,0.62532981530343
"1349",6,3,58.8,56.2,0.688654353562005
"1350",7,3,53.6,44.3,0.920844327176781
"1351",2,3,47.8,33.6,0.522427440633245
"1352",1,3,49.9,42.3,0.274406332453826
"1353",3,3,47.4,36.7,0.715039577836412
"1354",4,3,47.2,38.2,0.506596306068602
"1355",5,3,51.6,46.1,0.298153034300792
"1356",6,3,49.4,40.5,0.733509234828496
"1357",7,3,54.9,41,0.62532981530343
"1358",2,3,42.1,25.4,0.461741424802111
"1359",1,3,51.3,36.2,0.237467018469657
"1360",3,3,54.4,44.6,0.633245382585752
"1361",4,3,54.8,50.1,0.825857519788918
"1362",5,3,54.4,49.5,0.730870712401055
"1363",6,3,48.6,43,0.736147757255937
"1364",7,3,50.9,44.1,0.91820580474934
"1365",2,3,50.1,47.2,0.696569920844327
"1366",1,3,47,42.3,0.266490765171504
"1367",3,3,38.8,23.3,0.675461741424802
"1368",4,3,37.7,21.4,0.889182058047493
"1369",5,3,37.1,23.3,1
"1370",6,3,42.2,34.3,0
"1371",7,3,48.6,43.1,0.0712401055408971
"1372",2,3,47,45,0.0923482849604222
"1373",1,3,43.4,34.6,0.100263852242744
"1374",3,3,39.5,26.7,0.577836411609499
"1375",4,3,43.8,38.5,0.854881266490765
"1376",5,3,52.9,51.3,0.796833773087071
"1377",6,2,53.4,49.7,0.807387862796834
"1378",7,2,46.4,32.8,0.691292875989446
"1379",2,2,43.8,28.3,0.432717678100264
"1380",1,2,38.2,24.3,0.142480211081794
"1381",3,2,37.9,30.9,0.95778364116095
"1382",4,2,41.7,31.3,0.746701846965699
"1383",5,2,42.8,37.1,0.551451187335092
"1384",6,2,42.7,35.1,0.546174142480211
"1385",7,2,36.6,19.2,0.720316622691293
"1386",2,2,28.2,9.9,0.33509234828496
"1387",1,2,29.9,13.3,0.24802110817942
"1388",3,2,43.6,40.4,0.62532981530343
"1389",4,2,39.7,26.9,0.532981530343008
"1390",5,2,41.2,31.1,0.688654353562005
"1391",6,2,29.8,14,0.846965699208443
"1392",7,2,18.2,-2.1,0.96042216358839
"1393",2,2,36.2,31.3,0.514511873350924
"1394",1,2,49.8,48,0.245382585751979
"1395",3,2,35.3,22.9,0.775725593667546
"1396",4,2,34.8,25.3,0.767810026385224
"1397",5,2,38.8,29,0.654353562005277
"1398",6,2,38.9,32.3,0.717678100263852
"1399",7,2,39,28.8,0.696569920844327
"1400",2,2,44.1,39.3,0.33245382585752
"1401",4,2,49.8,46.9,0.372031662269129
"1402",5,2,39.1,26.8,0.311345646437995
"1403",6,2,37.3,29.4,0.300791556728232
"1404",7,2,40.4,29.9,0.408970976253298
"1405",2,2,35.8,21.1,0.0976253298153034
"1406",1,1,44.4,33.6,0.122077922077922
"1407",3,1,37.4,28.7,0.0285714285714286
"1408",4,1,44.3,40.7,0.574025974025974
"1409",5,1,46.5,43.7,0.394805194805195
"1410",6,1,36.4,19.7,0.296103896103896
"1411",7,1,31.7,25.8,0.420779220779221
"1412",3,1,18.3,5.7,0.6
"1413",4,1,35.6,26.3,0.412987012987013
"1414",5,1,45,40.9,0.496103896103896
"1415",6,1,47.8,45.5,0.54025974025974
"1416",7,1,46.8,37.5,0.431168831168831
"1417",2,1,29.8,13.4,0.148051948051948
"1418",1,1,33.6,24.8,0.135064935064935
"1419",3,1,31.6,20.7,0.101298701298701
"1420",4,1,40,30.9,0.568831168831169
"1421",5,1,41.6,38.5,0.288311688311688
"1422",6,1,40.7,36.9,0.446753246753247
"1423",7,1,39.9,32.5,0.433766233766234
"1424",2,1,42.3,37.5,0.0961038961038961
"1425",3,1,40.9,34.4,0.594805194805195
"1426",4,1,48.9,46.9,0.327272727272727
"1427",5,1,41.1,35.1,0.358441558441558
"1428",6,1,44.3,39.9,0.324675324675325
"1429",7,1,42.1,29.8,0.376623376623377
"1430",2,1,38.7,23.1,0.163636363636364
"1431",3,1,34,23.1,0.277922077922078
"1432",4,1,28.1,14.6,0.345454545454545
"1433",5,1,38.7,31.3,0.353246753246753
"1434",6,1,37.7,24.2,0.384415584415584
"1435",7,1,30.9,14,0.444155844155844
"1436",2,1,28.4,10.8,0.267532467532468
"1437",3,1,37.5,21,0.335064935064935
"1438",4,1,38.1,32.2,0.488311688311688
"1439",5,1,46.2,43.9,0.61038961038961
"1440",6,1,38.1,33.3,0.179220779220779
"1441",7,1,21,9.1,0.701298701298701
"1442",2,1,32,24.7,0.18961038961039
"1443",1,1,35.6,32.1,0.0025974025974026
"1444",3,1,35.9,30.3,0.52987012987013
"1445",4,1,30.1,19.1,0.649350649350649
"1446",5,1,36.6,32.7,0.428571428571429
"1447",6,1,36.1,28.8,0.555844155844156
"1448",7,1,31.8,17.3,0.628571428571429
"1449",2,1,37,26.6,0.342857142857143
"1450",1,1,47.8,36.9,0
"1451",4,1,37.1,26.6,0.116883116883117
"1452",5,1,40.6,35.2,0.101298701298701
"1453",6,1,44,41.7,0.371428571428571
"1454",7,1,47.5,44.3,0.568831168831169
"1455",2,1,49.8,46.6,0.350649350649351
"1456",1,1,43,31.2,0.0623376623376623
"1457",3,1,39.1,25.5,0.264935064935065
"1458",4,1,44.2,39.9,0.397402597402597
"1459",5,2,47.4,45.8,0.345454545454545
"1460",6,2,47.8,36.9,0.558441558441558
"1461",7,2,33.2,8.8,0.797402597402597
"1462",2,2,22.9,0.1,0.254545454545455
"1463",1,2,20.8,-1.7,0.132467532467532
"1464",3,2,28.9,11.2,0.467532467532468
"1465",4,2,36.7,27.5,0.516883116883117
"1466",5,2,45.9,42.6,0.444155844155844
"1467",6,2,45.9,34.3,0.58961038961039
"1468",7,2,35.5,26.4,0.451948051948052
"1469",2,2,22.5,7.2,0.285714285714286
"1470",1,2,20,2.6,0.202597402597403
"1471",3,2,21.9,6.4,0.919480519480519
"1472",5,2,29.8,20.7,0.550649350649351
"1473",7,2,33,13.4,0.825974025974026
"1474",2,2,34.7,23.9,0.171428571428571
"1475",1,2,36,32.2,0.290909090909091
"1476",3,2,39.2,26.3,0.81038961038961
"1477",5,2,38.6,20.9,0.464935064935065
"1478",6,2,26.4,1.5,0.688311688311688
"1479",7,2,35.3,21.9,0.561038961038961
"1480",2,2,42.9,36.8,0.345454545454545
"1481",1,2,37,30,0.0467532467532468
"1482",3,2,42,38.3,0.496103896103896
"1483",4,2,40.7,38.5,0.4
"1484",5,2,41.9,37.1,0.607792207792208
"1485",6,2,40,25.9,0.522077922077922
"1486",7,2,37.6,30.7,0.818181818181818
"1487",2,2,39.8,36.9,0.397402597402597
"1488",1,2,39.7,33,0.197402597402597
"1489",3,2,43,31.7,0.54025974025974
"1490",4,2,42.9,38,0.415584415584416
"1491",5,2,42.6,38.4,0.387012987012987
"1492",6,2,41.9,38.5,0.714285714285714
"1493",7,2,47.8,42.6,0.664935064935065
"1494",2,2,43.9,30.6,0.490909090909091
"1495",1,2,46.3,30.9,0.267532467532468
"1496",3,2,46.9,39.6,0.509090909090909
"1497",4,2,49.8,44,0.21038961038961
"1498",5,2,49.1,45.1,0.264935064935065
"1499",6,2,49.8,38.5,0.394805194805195
"1500",7,2,47.5,34.1,0.2
"1501",2,2,46.8,38,0.148051948051948
"1502",1,2,51.9,46.9,0.111688311688312
"1503",3,2,56.4,48.3,0.12987012987013
"1504",4,2,47.8,39.2,0.202597402597403
"1505",5,2,41.7,32.2,0.368831168831169
"1506",6,2,47.5,44.1,0.503896103896104
"1507",7,2,45.7,43.4,0.654545454545455
"1508",2,2,46.7,44.5,0.293506493506493
"1509",1,2,46.5,39.5,0.205194805194805
"1510",3,2,46.6,42.4,0.267532467532468
"1511",4,2,49.7,46.6,0.74025974025974
"1512",5,2,53.1,51.8,0.498701298701299
"1513",6,2,52.9,50.7,0.649350649350649
"1514",2,2,54.2,51.6,0.579220779220779
"1515",1,2,53.4,40,0.0831168831168831
"1516",3,2,49.3,45.3,0.522077922077922
"1517",4,2,55.4,53.4,0.792207792207792
"1518",5,2,54.7,44.3,0.716883116883117
"1519",6,2,51.5,34.8,0.683116883116883
"1520",7,2,49.4,44,0.877922077922078
"1521",2,2,55.1,54.1,0.641558441558442
"1522",1,2,52.5,48.9,0.197402597402597
"1523",3,2,50,41.3,0.519480519480519
"1524",4,2,48.3,34.9,0.553246753246753
"1525",5,2,48.7,38.4,0.597402597402597
"1526",6,2,49.5,42,0.644155844155844
"1527",7,2,48.6,42.2,0.984415584415584
"1528",2,2,47.9,41.7,0.636363636363636
"1529",1,2,50.4,47.9,0.506493506493506
"1530",3,2,51.1,43.8,0.755844155844156
"1531",4,2,57.5,46.9,0.664935064935065
"1532",5,2,57.9,50.2,0.818181818181818
"1533",2,2,56.3,41.6,0.451948051948052
"1534",1,2,52.7,37.3,0.467532467532468
"1535",3,2,51.4,40.5,0.72987012987013
"1536",4,2,56.8,52.3,0.574025974025974
"1537",5,2,53.9,49.6,0.527272727272727
"1538",6,2,53.8,51.1,0.78961038961039
"1539",7,2,55.4,52.9,0.877922077922078
"1540",2,2,57.5,48.6,0.0961038961038961
"1541",1,2,51.8,46.1,0.0961038961038961
"1542",4,2,53.5,49.6,0.542857142857143
"1543",5,2,55.4,53.1,0.6
"1544",6,4,55.7,53.8,0.561038961038961
"1545",7,4,58.2,48.2,0.776623376623377
"1546",2,4,56.9,47.9,0.516883116883117
"1547",1,4,58,49.8,0.0779220779220779
"1548",3,4,56.6,54.5,0.566233766233766
"1549",4,4,52.4,50.5,0.576623376623377
"1550",5,4,54.5,47.5,0.615584415584416
"1551",6,4,52.7,45.2,0.576623376623377
"1552",7,4,57.6,52.7,0.862337662337662
"1553",2,4,60.4,54.5,0.58961038961039
"1554",1,4,61.5,55.8,0.685714285714286
"1555",3,4,66,58.9,0.950649350649351
"1556",5,4,67.1,51.6,0.820779220779221
"1557",6,4,57.2,45.8,0.864935064935065
"1558",7,4,59.8,52.9,0.568831168831169
"1559",2,4,61.7,59.4,0.561038961038961
"1560",1,4,63.8,62.5,0.402597402597403
"1561",3,4,64.7,64.5,0.98961038961039
"1562",4,4,63.4,63.4,0.974025974025974
"1563",5,4,62.6,61.8,0.794805194805195
"1564",7,4,64.9,63.4,0.922077922077922
"1565",2,4,67.2,65.1,0.818181818181818
"1566",1,4,68.8,60.1,0.394805194805195
"1567",3,4,66.7,59.2,0.6
"1568",4,4,64.3,61.6,0.828571428571429
"1569",5,4,65.4,58,0.758441558441558
"1570",6,4,65.6,62.6,0.854545454545454
"1571",7,4,66.9,63.7,0.802597402597403
"1572",2,4,67.7,66.3,0.407792207792208
"1573",1,4,68.7,67.4,0.257142857142857
"1574",3,4,70.9,66.1,0.464935064935065
"1575",5,4,67.9,58.5,0.696103896103896
"1576",6,4,61.7,59.9,0.449350649350649
"1577",7,4,66,66,0.612987012987013
"1578",2,4,67.3,66.8,0.381818181818182
"1579",1,4,69.6,64.1,0.192207792207792
"1580",3,4,68.3,66.1,0.594805194805195
"1581",4,4,68.8,68.4,0.519480519480519
"1582",5,4,70.8,70.2,0.620779220779221
"1583",6,4,70.8,69.6,0.833766233766234
"1584",2,4,64.3,62.7,0.548051948051948
"1585",1,4,69.3,67.7,0.2
"1586",3,4,67.3,66.8,0.522077922077922
"1587",4,4,69.4,67.9,0.696103896103896
"1588",5,4,71.6,70.3,0.802597402597403
"1589",6,4,74.7,70.6,0.872727272727273
"1590",7,4,75.6,69.6,0.766233766233766
"1591",2,4,74,67.2,0.545454545454545
"1592",1,4,68.4,63.5,0.301298701298701
"1593",3,4,63,58,0.472727272727273
"1594",4,4,62.8,59.4,0.407792207792208
"1595",5,4,63.6,58,0.511688311688312
"1596",6,4,61.8,59.2,0.446753246753247
"1597",7,4,69.2,66.9,0.641558441558442
"1598",2,4,65.1,65,0.192207792207792
"1599",1,4,67.1,57.7,0.436363636363636
"1600",3,4,63.9,57.3,0.566233766233766
"1601",4,4,68.2,64.8,0.693506493506494
"1602",5,4,68.6,66.6,0.467532467532468
"1603",6,4,67.5,66,0.714285714285714
"1604",7,4,67.7,66.7,0.831168831168831
"1605",2,4,67.7,67.2,0.350649350649351
"1606",1,4,69.4,59.9,0.21038961038961
"1607",3,4,67.5,64.2,0.436363636363636
"1608",4,4,65.2,62.8,0.501298701298701
"1609",5,4,67.1,63.5,0.563636363636364
"1610",6,4,67.8,66,0.550649350649351
"1611",7,4,67.6,65.8,0.563636363636364
"1612",2,4,65.9,65.8,0.228571428571429
"1613",1,4,71,69.3,0.324675324675325
"1614",3,4,67.7,65.2,0.425974025974026
"1615",4,4,67.8,66.8,0.361038961038961
"1616",5,4,71.1,65.9,0.420779220779221
"1617",6,4,68,60.8,0.522077922077922
"1618",7,4,66.6,65.6,0.451948051948052
"1619",2,4,71.8,70.9,0.519480519480519
"1620",1,4,72.8,68.1,0.25974025974026
"1621",3,4,69.9,65.6,0.490909090909091
"1622",4,4,70.5,69.8,0.638961038961039
"1623",5,4,72.3,70.9,0.496103896103896
"1624",6,4,70,60.2,0.501298701298701
"1625",7,4,66.4,60,0.506493506493506
"1626",2,4,64.1,56.8,0.342857142857143
"1627",1,4,62.3,53.6,0.155844155844156
"1628",3,4,62.7,56.4,0.379220779220779
"1629",4,4,62,58.3,0.457142857142857
"1630",5,4,61.8,57.5,0.605194805194805
"1631",6,4,66.2,60.6,0.467532467532468
"1632",7,3,62.7,50,0.631168831168831
"1633",2,3,58.7,45.2,0.322077922077922
"1634",1,3,60,56.6,0.207792207792208
"1635",3,3,65.4,62.2,0.244155844155844
"1636",4,3,68.1,66.4,0.698701298701299
"1637",5,3,69.6,68.6,0.441558441558442
"1638",6,3,67.1,65.1,0.914285714285714
"1639",7,3,65.4,60.5,0.784415584415584
"1640",2,3,63.1,57,0.441558441558442
"1641",1,3,61.1,56.3,0.246753246753247
"1642",3,3,63.6,53.9,0.771428571428571
"1643",4,3,65.3,59.7,0.628571428571429
"1644",5,3,67.5,63.4,0.779220779220779
"1645",6,3,67.4,67.2,0.753246753246753
"1646",2,3,66.8,65.5,0.480519480519481
"1647",1,3,64.7,64.2,0.384415584415584
"1648",3,3,65.7,65.5,0.607792207792208
"1649",4,3,65.5,65.4,0.579220779220779
"1650",5,3,66.1,66.1,0.376623376623377
"1651",6,3,63.9,63.8,0.251948051948052
"1652",7,3,61.3,61.3,0.457142857142857
"1653",2,3,62.6,62.6,0.501298701298701
"1654",1,3,65.3,64.3,0.387012987012987
"1655",3,3,64.2,63.7,0.748051948051948
"1656",4,3,65.9,65.3,0.566233766233766
"1657",5,3,68.7,68.6,0.67012987012987
"1658",6,3,69.4,66.3,0.784415584415584
"1659",7,3,59.6,48.5,0.828571428571429
"1660",2,3,56.3,50.9,0.290909090909091
"1661",1,3,55.5,46.8,0.345454545454545
"1662",3,3,58,51.4,0.781818181818182
"1663",4,3,54.1,47.5,0.646753246753247
"1664",5,3,59.3,56.1,0.709090909090909
"1665",6,3,63.7,62.6,0.568831168831169
"1666",7,3,64.9,64.2,0.548051948051948
"1667",2,3,63.8,63.5,0.342857142857143
"1668",1,3,65.8,65.6,0.215584415584416
"1669",3,3,66.3,66.2,0.280519480519481
"1670",4,3,68.8,65.6,0.857142857142857
"1671",5,3,62.1,58.7,0.493506493506494
"1672",6,3,57.1,49.2,0.428571428571429
"1673",7,3,56.4,49.4,0.571428571428571
"1674",2,3,62.4,62,0.335064935064935
"1675",1,3,63.3,63.3,0.150649350649351
"1676",3,3,62.3,58.2,0.527272727272727
"1677",4,3,51.1,39,0.774025974025974
"1678",5,3,56.7,49,0.776623376623377
"1679",6,3,59.7,58.3,0.851948051948052
"1680",7,3,62,54.1,1
"1681",2,3,58.8,50.3,0.376623376623377
"1682",1,3,60.6,59.2,0.233766233766234
"1683",3,3,59.5,58.7,0.6
"1684",4,3,64.3,63.4,0.641558441558442
"1685",5,3,65.1,65,0.545454545454545
"1686",6,3,60.1,59.6,0.571428571428571
"1687",7,3,54.1,43.5,0.833766233766234
"1688",2,3,55.1,51.2,0.45974025974026
"1689",1,3,60.4,59.4,0.454545454545455
"1690",4,3,57.7,44.2,0.67012987012987
"1691",5,3,50.6,39.9,0.438961038961039
"1692",6,3,58.9,56.1,0.8
"1693",7,3,58.7,58.5,0.877922077922078
"1694",2,3,53.6,44.6,0.454545454545455
"1695",1,3,54.5,49.5,0.21038961038961
"1696",3,3,62.2,61.6,0.633766233766234
"1697",4,3,53,46.7,0.706493506493507
"1698",5,3,47,43.6,0.581818181818182
"1699",6,3,48.3,39.9,0.685714285714286
"1700",7,3,44.6,33.5,0.742857142857143
"1701",2,3,30.2,18,0.480519480519481
"1702",1,3,35.8,29.8,0.262337662337662
"1703",3,3,48.8,44.3,0.677922077922078
"1704",4,3,46.1,39,0.542857142857143
"1705",5,3,43.9,37.1,0.714285714285714
"1706",6,3,46.6,43.4,0.968831168831169
"1707",7,3,43.8,33.2,0.976623376623377
"1708",2,3,43.5,31.4,0.496103896103896
"1709",1,3,54.8,50.4,0.350649350649351
"1710",3,3,40.5,24.6,0.805194805194805
"1711",4,3,51.1,39,0.914285714285714
"1712",5,3,54.2,52.3,0.872727272727273
"1713",6,3,38.7,30.1,0.0805194805194805
"1714",7,3,40.8,30.7,0.166233766233766
"1715",2,3,50.1,47.2,0.0467532467532468
"1716",1,3,48.9,39.7,0.122077922077922
"1717",3,3,43,28.8,0.511688311688312
"1718",4,3,37.9,27.4,0.548051948051948
"1719",5,3,52.2,47.6,0.683116883116883
"1720",6,3,43.2,34,0.584415584415584
"1721",7,2,48.2,44.2,0.867532467532467
"1722",2,2,42.5,34.2,0.355844155844156
"1723",1,2,42.6,36.3,0.025974025974026
"1724",3,2,40.9,35.1,0.638961038961039
"1725",4,2,42,38.5,0.690909090909091
"1726",5,2,51.3,48.7,0.553246753246753
"1727",6,2,43.4,28.1,0.662337662337662
"1728",7,2,41,26.6,0.633766233766234
"1729",2,2,38.7,36.7,0.25974025974026
"1730",1,2,39,34.6,0.194805194805195
"1731",3,2,38.4,28.3,0.745454545454545
"1732",4,2,42.6,38.1,0.646753246753247
"1733",5,2,32.8,25.1,0.703896103896104
"1734",2,2,30.9,24.3,0.579220779220779
"1735",1,2,27.6,13.8,0.283116883116883
"1736",3,2,32.7,23.9,0.696103896103896
"1737",4,2,44.9,41.8,0.568831168831169
"1738",5,2,44.3,31.7,0.680519480519481
"1739",6,2,32.4,19.7,0.78961038961039
"1740",7,2,32.7,24.3,0.732467532467532
"1741",2,2,45.6,45.4,0.32987012987013
"1742",1,2,41.9,37.7,0.0805194805194805
"1743",4,2,29.5,12.4,0.272727272727273
"1744",5,2,21.9,5,0.361038961038961
"1745",6,2,15.3,-1.4,0.444155844155844
"1746",7,2,13.7,5.4,0.415584415584416
"1747",2,2,16.7,3.7,0.32987012987013
"1748",1,2,21,17.9,0.0623376623376623
