day,year,mo,da,collision_date,sndp,NUM_COLLISIONS
4,2012,07,26,2012-07-26,999.9,604
3,2012,07,11,2012-07-11,999.9,565
4,2012,07,19,2012-07-19,999.9,522
1,2012,07,23,2012-07-23,999.9,505
6,2012,07,14,2012-07-14,999.9,536
7,2012,07,22,2012-07-22,999.9,498
4,2012,07,05,2012-07-05,999.9,591
6,2012,07,21,2012-07-21,999.9,528
3,2012,07,04,2012-07-04,999.9,432
6,2012,07,07,2012-07-07,999.9,490
5,2012,07,06,2012-07-06,999.9,638
2,2012,07,17,2012-07-17,999.9,648
5,2012,07,20,2012-07-20,999.9,604
2,2012,07,31,2012-07-31,999.9,540
7,2012,07,15,2012-07-15,999.9,494
3,2012,07,18,2012-07-18,999.9,559
1,2012,07,16,2012-07-16,999.9,528
1,2012,07,02,2012-07-02,999.9,564
5,2012,07,27,2012-07-27,999.9,637
3,2012,07,25,2012-07-25,999.9,612
2,2012,07,24,2012-07-24,999.9,574
6,2012,07,28,2012-07-28,999.9,513
7,2012,07,01,2012-07-01,999.9,538
1,2012,07,09,2012-07-09,999.9,533
7,2012,07,08,2012-07-08,999.9,464
4,2012,07,12,2012-07-12,999.9,577
7,2012,07,29,2012-07-29,999.9,376
1,2012,07,30,2012-07-30,999.9,530
2,2012,07,03,2012-07-03,999.9,664
2,2012,07,10,2012-07-10,999.9,524
5,2012,07,13,2012-07-13,999.9,603
5,2012,08,10,2012-08-10,999.9,617
6,2012,08,25,2012-08-25,999.9,474
1,2012,08,13,2012-08-13,999.9,504
3,2012,08,15,2012-08-15,999.9,602
1,2012,08,06,2012-08-06,999.9,593
6,2012,08,11,2012-08-11,999.9,507
7,2012,08,12,2012-08-12,999.9,505
5,2012,08,24,2012-08-24,999.9,601
1,2012,08,27,2012-08-27,999.9,548
2,2012,08,28,2012-08-28,999.9,587
2,2012,08,21,2012-08-21,999.9,482
4,2012,08,02,2012-08-02,999.9,570
5,2012,08,03,2012-08-03,999.9,589
2,2012,08,07,2012-08-07,999.9,547
4,2012,08,30,2012-08-30,999.9,618
3,2012,08,29,2012-08-29,999.9,550
7,2012,08,05,2012-08-05,999.9,518
5,2012,08,31,2012-08-31,999.9,701
3,2012,08,08,2012-08-08,999.9,528
7,2012,08,19,2012-08-19,999.9,467
6,2012,08,18,2012-08-18,999.9,540
6,2012,08,04,2012-08-04,999.9,568
1,2012,08,20,2012-08-20,999.9,473
4,2012,08,23,2012-08-23,999.9,574
2,2012,08,14,2012-08-14,999.9,520
4,2012,08,09,2012-08-09,999.9,581
5,2012,08,17,2012-08-17,999.9,574
3,2012,08,01,2012-08-01,999.9,615
4,2012,08,16,2012-08-16,999.9,613
3,2012,08,22,2012-08-22,999.9,504
7,2012,08,26,2012-08-26,999.9,471
7,2012,09,30,2012-09-30,999.9,449
2,2012,09,25,2012-09-25,999.9,593
1,2012,09,24,2012-09-24,999.9,562
5,2012,09,14,2012-09-14,999.9,609
2,2012,09,18,2012-09-18,999.9,556
4,2012,09,06,2012-09-06,999.9,572
4,2012,09,27,2012-09-27,999.9,620
1,2012,09,03,2012-09-03,999.9,373
3,2012,09,05,2012-09-05,999.9,601
1,2012,09,17,2012-09-17,999.9,452
1,2012,09,10,2012-09-10,999.9,637
6,2012,09,15,2012-09-15,999.9,557
3,2012,09,12,2012-09-12,999.9,651
6,2012,09,29,2012-09-29,999.9,485
7,2012,09,23,2012-09-23,999.9,480
6,2012,09,01,2012-09-01,999.9,515
3,2012,09,19,2012-09-19,999.9,612
2,2012,09,11,2012-09-11,999.9,521
5,2012,09,28,2012-09-28,999.9,703
5,2012,09,21,2012-09-21,999.9,654
5,2012,09,07,2012-09-07,999.9,680
4,2012,09,20,2012-09-20,999.9,522
7,2012,09,16,2012-09-16,999.9,458
4,2012,09,13,2012-09-13,999.9,632
3,2012,09,26,2012-09-26,999.9,404
7,2012,09,09,2012-09-09,999.9,464
2,2012,09,04,2012-09-04,999.9,606
6,2012,09,22,2012-09-22,999.9,547
6,2012,09,08,2012-09-08,999.9,598
7,2012,09,02,2012-09-02,999.9,421
1,2012,10,15,2012-10-15,999.9,607
2,2012,10,16,2012-10-16,999.9,602
3,2012,10,31,2012-10-31,999.9,549
1,2012,10,01,2012-10-01,999.9,555
5,2012,10,12,2012-10-12,999.9,594
3,2012,10,17,2012-10-17,999.9,615
2,2012,10,30,2012-10-30,999.9,372
1,2012,10,08,2012-10-08,999.9,376
4,2012,10,04,2012-10-04,999.9,554
6,2012,10,20,2012-10-20,999.9,587
5,2012,10,19,2012-10-19,999.9,738
7,2012,10,21,2012-10-21,999.9,426
5,2012,10,26,2012-10-26,999.9,598
7,2012,10,07,2012-10-07,999.9,481
6,2012,10,13,2012-10-13,999.9,547
4,2012,10,11,2012-10-11,999.9,657
3,2012,10,03,2012-10-03,999.9,502
2,2012,10,23,2012-10-23,999.9,522
7,2012,10,14,2012-10-14,999.9,517
3,2012,10,24,2012-10-24,999.9,494
6,2012,10,06,2012-10-06,999.9,500
4,2012,10,25,2012-10-25,999.9,511
4,2012,10,18,2012-10-18,999.9,630
2,2012,10,09,2012-10-09,999.9,570
7,2012,10,28,2012-10-28,999.9,403
3,2012,10,10,2012-10-10,999.9,640
5,2012,10,05,2012-10-05,999.9,693
1,2012,10,22,2012-10-22,999.9,608
6,2012,10,27,2012-10-27,999.9,524
1,2012,10,29,2012-10-29,999.9,298
2,2012,10,02,2012-10-02,999.9,593
1,2012,11,12,2012-11-12,999.9,547
1,2012,11,26,2012-11-26,999.9,563
6,2012,11,17,2012-11-17,999.9,542
7,2012,11,04,2012-11-04,999.9,344
1,2012,11,19,2012-11-19,999.9,585
1,2012,11,05,2012-11-05,999.9,479
4,2012,11,22,2012-11-22,999.9,384
7,2012,11,11,2012-11-11,999.9,526
6,2012,11,03,2012-11-03,999.9,307
2,2012,11,20,2012-11-20,999.9,671
6,2012,11,10,2012-11-10,2.0,444
4,2012,11,15,2012-11-15,999.9,623
7,2012,11,25,2012-11-25,999.9,415
3,2012,11,07,2012-11-07,2.0,718
6,2012,11,24,2012-11-24,999.9,458
2,2012,11,13,2012-11-13,999.9,648
4,2012,11,29,2012-11-29,999.9,515
5,2012,11,09,2012-11-09,1.2,688
2,2012,11,27,2012-11-27,999.9,583
3,2012,11,14,2012-11-14,999.9,625
5,2012,11,23,2012-11-23,999.9,481
3,2012,11,28,2012-11-28,999.9,512
4,2012,11,01,2012-11-01,999.9,439
5,2012,11,02,2012-11-02,999.9,345
2,2012,11,06,2012-11-06,999.9,514
4,2012,11,08,2012-11-08,3.1,550
5,2012,11,16,2012-11-16,999.9,672
7,2012,11,18,2012-11-18,999.9,446
3,2012,11,21,2012-11-21,999.9,689
5,2012,11,30,2012-11-30,999.9,576
3,2012,12,19,2012-12-19,999.9,590
4,2012,12,27,2012-12-27,999.9,525
6,2012,12,29,2012-12-29,999.9,442
7,2012,12,30,2012-12-30,999.9,411
2,2012,12,25,2012-12-25,999.9,354
6,2012,12,01,2012-12-01,999.9,480
5,2012,12,14,2012-12-14,999.9,648
1,2012,12,10,2012-12-10,999.9,619
6,2012,12,15,2012-12-15,999.9,523
4,2012,12,06,2012-12-06,999.9,620
5,2012,12,21,2012-12-21,999.9,751
4,2012,12,13,2012-12-13,999.9,545
6,2012,12,08,2012-12-08,999.9,580
2,2012,12,04,2012-12-04,999.9,621
3,2012,12,26,2012-12-26,999.9,531
1,2012,12,17,2012-12-17,999.9,649
5,2012,12,07,2012-12-07,999.9,714
7,2012,12,09,2012-12-09,999.9,544
1,2012,12,24,2012-12-24,999.9,518
3,2012,12,05,2012-12-05,999.9,514
2,2012,12,11,2012-12-11,999.9,578
5,2012,12,28,2012-12-28,999.9,557
1,2012,12,03,2012-12-03,999.9,621
6,2012,12,22,2012-12-22,999.9,542
1,2012,12,31,2012-12-31,999.9,482
7,2012,12,16,2012-12-16,999.9,500
2,2012,12,18,2012-12-18,999.9,645
3,2012,12,12,2012-12-12,999.9,550
7,2012,12,02,2012-12-02,999.9,455
4,2012,12,20,2012-12-20,999.9,606
7,2012,12,23,2012-12-23,999.9,408
5,2013,01,18,2013-01-18,999.9,561
7,2013,01,20,2013-01-20,999.9,393
6,2013,01,05,2013-01-05,999.9,389
4,2013,01,10,2013-01-10,999.9,555
2,2013,01,01,2013-01-01,999.9,381
3,2013,01,16,2013-01-16,999.9,578
4,2013,01,31,2013-01-31,999.9,592
2,2013,01,29,2013-01-29,999.9,542
3,2013,01,23,2013-01-23,999.9,545
1,2013,01,28,2013-01-28,999.9,507
1,2013,01,07,2013-01-07,999.9,521
7,2013,01,06,2013-01-06,999.9,393
5,2013,01,11,2013-01-11,999.9,660
2,2013,01,22,2013-01-22,999.9,544
6,2013,01,19,2013-01-19,999.9,484
2,2013,01,15,2013-01-15,999.9,516
6,2013,01,26,2013-01-26,1.2,558
3,2013,01,30,2013-01-30,999.9,497
4,2013,01,17,2013-01-17,999.9,491
7,2013,01,13,2013-01-13,999.9,373
1,2013,01,14,2013-01-14,999.9,542
4,2013,01,24,2013-01-24,999.9,554
2,2013,01,08,2013-01-08,999.9,513
3,2013,01,09,2013-01-09,999.9,487
4,2013,01,03,2013-01-03,999.9,549
5,2013,01,04,2013-01-04,999.9,505
3,2013,01,02,2013-01-02,999.9,480
6,2013,01,12,2013-01-12,999.9,475
5,2013,01,25,2013-01-25,999.9,674
1,2013,01,21,2013-01-21,999.9,355
7,2013,01,27,2013-01-27,1.2,429
5,2013,02,08,2013-02-08,999.9,703
1,2013,02,25,2013-02-25,999.9,490
1,2013,02,18,2013-02-18,999.9,398
6,2013,02,23,2013-02-23,999.9,521
2,2013,02,12,2013-02-12,1.2,498
7,2013,02,17,2013-02-17,999.9,447
5,2013,02,22,2013-02-22,999.9,531
7,2013,02,24,2013-02-24,999.9,426
6,2013,02,02,2013-02-02,999.9,534
6,2013,02,16,2013-02-16,999.9,449
4,2013,02,07,2013-02-07,999.9,526
5,2013,02,15,2013-02-15,999.9,604
3,2013,02,06,2013-02-06,999.9,566
2,2013,02,26,2013-02-26,999.9,537
3,2013,02,20,2013-02-20,999.9,510
1,2013,02,04,2013-02-04,1.2,553
7,2013,02,03,2013-02-03,1.2,445
4,2013,02,28,2013-02-28,999.9,517
3,2013,02,13,2013-02-13,2.0,570
3,2013,02,27,2013-02-27,999.9,550
1,2013,02,11,2013-02-11,3.1,475
4,2013,02,21,2013-02-21,999.9,498
5,2013,02,01,2013-02-01,999.9,574
2,2013,02,05,2013-02-05,999.9,566
6,2013,02,09,2013-02-09,5.9,403
4,2013,02,14,2013-02-14,999.9,631
2,2013,02,19,2013-02-19,999.9,477
7,2013,02,10,2013-02-10,5.1,400
7,2013,03,17,2013-03-17,999.9,426
7,2013,03,24,2013-03-24,999.9,451
7,2013,03,10,2013-03-10,1.2,415
5,2013,03,29,2013-03-29,999.9,520
4,2013,03,28,2013-03-28,999.9,549
3,2013,03,06,2013-03-06,999.9,475
5,2013,03,08,2013-03-08,2.0,851
4,2013,03,07,2013-03-07,999.9,535
6,2013,03,23,2013-03-23,999.9,488
6,2013,03,09,2013-03-09,1.2,569
6,2013,03,02,2013-03-02,999.9,474
2,2013,03,12,2013-03-12,999.9,547
1,2013,03,25,2013-03-25,999.9,498
1,2013,03,18,2013-03-18,999.9,623
1,2013,03,11,2013-03-11,999.9,522
7,2013,03,31,2013-03-31,999.9,426
2,2013,03,05,2013-03-05,999.9,527
3,2013,03,13,2013-03-13,999.9,636
2,2013,03,19,2013-03-19,1.2,559
7,2013,03,03,2013-03-03,999.9,502
3,2013,03,27,2013-03-27,999.9,441
2,2013,03,26,2013-03-26,999.9,425
6,2013,03,16,2013-03-16,999.9,521
5,2013,03,01,2013-03-01,999.9,603
5,2013,03,15,2013-03-15,999.9,607
3,2013,03,20,2013-03-20,999.9,540
4,2013,03,21,2013-03-21,999.9,508
1,2013,03,04,2013-03-04,999.9,597
6,2013,03,30,2013-03-30,999.9,513
4,2013,03,14,2013-03-14,999.9,557
5,2013,03,22,2013-03-22,999.9,604
2,2013,04,23,2013-04-23,999.9,513
5,2013,04,05,2013-04-05,999.9,582
1,2013,04,15,2013-04-15,999.9,603
3,2013,04,17,2013-04-17,999.9,535
4,2013,04,04,2013-04-04,999.9,566
6,2013,04,13,2013-04-13,999.9,555
5,2013,04,26,2013-04-26,999.9,675
6,2013,04,06,2013-04-06,999.9,531
3,2013,04,10,2013-04-10,999.9,580
1,2013,04,01,2013-04-01,999.9,479
6,2013,04,27,2013-04-27,999.9,517
3,2013,04,24,2013-04-24,999.9,598
7,2013,04,14,2013-04-14,999.9,472
2,2013,04,30,2013-04-30,999.9,576
3,2013,04,03,2013-04-03,999.9,532
1,2013,04,29,2013-04-29,999.9,598
4,2013,04,25,2013-04-25,999.9,583
1,2013,04,22,2013-04-22,999.9,565
7,2013,04,28,2013-04-28,999.9,440
4,2013,04,18,2013-04-18,999.9,553
2,2013,04,02,2013-04-02,999.9,437
5,2013,04,12,2013-04-12,999.9,649
6,2013,04,20,2013-04-20,999.9,532
5,2013,04,19,2013-04-19,999.9,570
4,2013,04,11,2013-04-11,999.9,517
2,2013,04,09,2013-04-09,999.9,613
7,2013,04,21,2013-04-21,999.9,471
2,2013,04,16,2013-04-16,999.9,564
1,2013,04,08,2013-04-08,999.9,582
7,2013,04,07,2013-04-07,999.9,451
4,2013,05,02,2013-05-02,999.9,585
5,2013,05,10,2013-05-10,999.9,698
7,2013,05,26,2013-05-26,999.9,455
6,2013,05,04,2013-05-04,999.9,580
4,2013,05,09,2013-05-09,999.9,602
7,2013,05,12,2013-05-12,999.9,527
2,2013,05,14,2013-05-14,999.9,565
5,2013,05,24,2013-05-24,999.9,668
2,2013,05,07,2013-05-07,999.9,592
3,2013,05,22,2013-05-22,999.9,570
1,2013,05,27,2013-05-27,999.9,420
3,2013,05,29,2013-05-29,999.9,574
1,2013,05,20,2013-05-20,999.9,657
2,2013,05,21,2013-05-21,999.9,697
1,2013,05,13,2013-05-13,999.9,577
4,2013,05,16,2013-05-16,999.9,559
3,2013,05,01,2013-05-01,999.9,576
6,2013,05,11,2013-05-11,999.9,523
7,2013,05,19,2013-05-19,999.9,544
5,2013,05,03,2013-05-03,999.9,686
2,2013,05,28,2013-05-28,999.9,686
6,2013,05,25,2013-05-25,999.9,514
4,2013,05,23,2013-05-23,999.9,735
5,2013,05,31,2013-05-31,999.9,736
3,2013,05,08,2013-05-08,999.9,620
5,2013,05,17,2013-05-17,999.9,741
7,2013,05,05,2013-05-05,999.9,515
1,2013,05,06,2013-05-06,999.9,561
3,2013,05,15,2013-05-15,999.9,532
4,2013,05,30,2013-05-30,999.9,685
6,2013,05,18,2013-05-18,999.9,506
1,2013,06,03,2013-06-03,999.9,707
6,2013,06,01,2013-06-01,999.9,631
1,2013,06,10,2013-06-10,999.9,624
1,2013,06,24,2013-06-24,999.9,680
6,2013,06,22,2013-06-22,999.9,599
5,2013,06,14,2013-06-14,999.9,693
3,2013,06,12,2013-06-12,999.9,615
4,2013,06,13,2013-06-13,999.9,534
3,2013,06,26,2013-06-26,999.9,621
1,2013,06,17,2013-06-17,999.9,614
7,2013,06,23,2013-06-23,999.9,505
2,2013,06,04,2013-06-04,999.9,613
7,2013,06,30,2013-06-30,999.9,423
5,2013,06,28,2013-06-28,999.9,608
2,2013,06,11,2013-06-11,999.9,635
6,2013,06,29,2013-06-29,999.9,591
4,2013,06,06,2013-06-06,999.9,605
7,2013,06,09,2013-06-09,999.9,533
6,2013,06,15,2013-06-15,999.9,596
7,2013,06,02,2013-06-02,999.9,487
2,2013,06,25,2013-06-25,999.9,648
3,2013,06,19,2013-06-19,999.9,622
5,2013,06,07,2013-06-07,999.9,791
4,2013,06,27,2013-06-27,999.9,598
3,2013,06,05,2013-06-05,999.9,599
4,2013,06,20,2013-06-20,999.9,681
6,2013,06,08,2013-06-08,999.9,571
5,2013,06,21,2013-06-21,999.9,690
2,2013,06,18,2013-06-18,999.9,613
7,2013,06,16,2013-06-16,999.9,477
3,2013,07,24,2013-07-24,999.9,571
7,2013,07,21,2013-07-21,999.9,447
1,2013,07,22,2013-07-22,999.9,591
1,2013,07,08,2013-07-08,999.9,617
6,2013,07,06,2013-07-06,999.9,516
4,2013,07,11,2013-07-11,999.9,550
1,2013,07,29,2013-07-29,999.9,597
2,2013,07,30,2013-07-30,999.9,584
3,2013,07,10,2013-07-10,999.9,614
6,2013,07,20,2013-07-20,999.9,551
3,2013,07,03,2013-07-03,999.9,635
5,2013,07,26,2013-07-26,999.9,617
5,2013,07,05,2013-07-05,999.9,576
5,2013,07,19,2013-07-19,999.9,697
2,2013,07,23,2013-07-23,999.9,571
6,2013,07,13,2013-07-13,999.9,575
6,2013,07,27,2013-07-27,999.9,516
4,2013,07,18,2013-07-18,999.9,636
4,2013,07,04,2013-07-04,999.9,438
3,2013,07,31,2013-07-31,999.9,553
7,2013,07,07,2013-07-07,999.9,475
7,2013,07,14,2013-07-14,999.9,471
2,2013,07,16,2013-07-16,999.9,582
7,2013,07,28,2013-07-28,999.9,485
2,2013,07,09,2013-07-09,999.9,583
2,2013,07,02,2013-07-02,999.9,601
4,2013,07,25,2013-07-25,999.9,507
1,2013,07,01,2013-07-01,999.9,633
1,2013,07,15,2013-07-15,999.9,581
3,2013,07,17,2013-07-17,999.9,609
5,2013,07,12,2013-07-12,999.9,599
2,2013,08,20,2013-08-20,999.9,542
2,2013,08,06,2013-08-06,999.9,543
7,2013,08,11,2013-08-11,999.9,481
7,2013,08,04,2013-08-04,999.9,454
7,2013,08,25,2013-08-25,999.9,459
6,2013,08,10,2013-08-10,999.9,495
3,2013,08,07,2013-08-07,999.9,508
3,2013,08,14,2013-08-14,999.9,622
7,2013,08,18,2013-08-18,999.9,442
5,2013,08,09,2013-08-09,999.9,579
6,2013,08,03,2013-08-03,999.9,492
4,2013,08,29,2013-08-29,999.9,572
1,2013,08,26,2013-08-26,999.9,521
2,2013,08,27,2013-08-27,999.9,506
5,2013,08,30,2013-08-30,999.9,599
4,2013,08,01,2013-08-01,999.9,643
3,2013,08,21,2013-08-21,999.9,562
3,2013,08,28,2013-08-28,999.9,482
5,2013,08,23,2013-08-23,999.9,636
1,2013,08,19,2013-08-19,999.9,462
6,2013,08,17,2013-08-17,999.9,504
5,2013,08,16,2013-08-16,999.9,678
1,2013,08,05,2013-08-05,999.9,545
2,2013,08,13,2013-08-13,999.9,552
5,2013,08,02,2013-08-02,999.9,626
4,2013,08,08,2013-08-08,999.9,549
4,2013,08,15,2013-08-15,999.9,599
4,2013,08,22,2013-08-22,999.9,578
1,2013,08,12,2013-08-12,999.9,519
6,2013,08,24,2013-08-24,999.9,527
6,2013,08,31,2013-08-31,999.9,480
1,2013,09,09,2013-09-09,999.9,632
2,2013,09,17,2013-09-17,999.9,627
5,2013,09,27,2013-09-27,999.9,553
4,2013,09,05,2013-09-05,999.9,493
7,2013,09,08,2013-09-08,999.9,500
3,2013,09,11,2013-09-11,999.9,576
6,2013,09,07,2013-09-07,999.9,585
6,2013,09,21,2013-09-21,999.9,546
1,2013,09,30,2013-09-30,999.9,605
7,2013,09,22,2013-09-22,999.9,585
5,2013,09,13,2013-09-13,999.9,652
3,2013,09,25,2013-09-25,999.9,539
1,2013,09,02,2013-09-02,999.9,431
1,2013,09,23,2013-09-23,999.9,661
7,2013,09,01,2013-09-01,999.9,480
5,2013,09,06,2013-09-06,999.9,524
4,2013,09,12,2013-09-12,999.9,695
2,2013,09,24,2013-09-24,999.9,615
4,2013,09,26,2013-09-26,999.9,516
5,2013,09,20,2013-09-20,999.9,631
6,2013,09,14,2013-09-14,999.9,519
7,2013,09,29,2013-09-29,999.9,506
3,2013,09,04,2013-09-04,999.9,604
2,2013,09,10,2013-09-10,999.9,629
3,2013,09,18,2013-09-18,999.9,571
4,2013,09,19,2013-09-19,999.9,536
1,2013,09,16,2013-09-16,999.9,570
7,2013,09,15,2013-09-15,999.9,476
2,2013,09,03,2013-09-03,999.9,551
6,2013,09,28,2013-09-28,999.9,547
3,2013,10,30,2013-10-30,999.9,558
7,2013,10,06,2013-10-06,999.9,404
7,2013,10,13,2013-10-13,999.9,502
5,2013,10,04,2013-10-04,999.9,658
1,2013,10,07,2013-10-07,999.9,618
4,2013,10,17,2013-10-17,999.9,574
2,2013,10,01,2013-10-01,999.9,616
6,2013,10,26,2013-10-26,999.9,626
2,2013,10,29,2013-10-29,999.9,600
4,2013,10,03,2013-10-03,999.9,590
6,2013,10,12,2013-10-12,999.9,556
2,2013,10,08,2013-10-08,999.9,574
3,2013,10,16,2013-10-16,999.9,548
5,2013,10,18,2013-10-18,999.9,680
3,2013,10,09,2013-10-09,999.9,529
4,2013,10,31,2013-10-31,999.9,615
6,2013,10,19,2013-10-19,999.9,471
7,2013,10,27,2013-10-27,999.9,512
4,2013,10,24,2013-10-24,999.9,632
7,2013,10,20,2013-10-20,999.9,490
4,2013,10,10,2013-10-10,999.9,559
5,2013,10,11,2013-10-11,999.9,621
5,2013,10,25,2013-10-25,999.9,647
2,2013,10,22,2013-10-22,999.9,540
1,2013,10,14,2013-10-14,999.9,440
3,2013,10,02,2013-10-02,999.9,647
2,2013,10,15,2013-10-15,999.9,615
1,2013,10,21,2013-10-21,999.9,616
3,2013,10,23,2013-10-23,999.9,558
1,2013,10,28,2013-10-28,999.9,620
6,2013,10,05,2013-10-05,999.9,497
7,2013,11,17,2013-11-17,999.9,532
6,2013,11,23,2013-11-23,999.9,536
1,2013,11,04,2013-11-04,999.9,658
2,2013,11,12,2013-11-12,999.9,647
6,2013,11,16,2013-11-16,999.9,612
3,2013,11,20,2013-11-20,999.9,607
2,2013,11,19,2013-11-19,999.9,600
1,2013,11,18,2013-11-18,999.9,611
5,2013,11,15,2013-11-15,999.9,617
2,2013,11,26,2013-11-26,999.9,867
6,2013,11,09,2013-11-09,999.9,571
1,2013,11,11,2013-11-11,999.9,456
7,2013,11,10,2013-11-10,999.9,474
3,2013,11,13,2013-11-13,999.9,593
6,2013,11,30,2013-11-30,999.9,479
7,2013,11,24,2013-11-24,999.9,494
5,2013,11,22,2013-11-22,999.9,702
5,2013,11,29,2013-11-29,999.9,437
4,2013,11,14,2013-11-14,999.9,620
4,2013,11,21,2013-11-21,999.9,628
1,2013,11,25,2013-11-25,999.9,710
3,2013,11,06,2013-11-06,999.9,635
4,2013,11,28,2013-11-28,999.9,429
5,2013,11,08,2013-11-08,999.9,682
2,2013,11,05,2013-11-05,999.9,510
6,2013,11,02,2013-11-02,999.9,551
7,2013,11,03,2013-11-03,999.9,415
5,2013,11,01,2013-11-01,999.9,710
4,2013,11,07,2013-11-07,999.9,646
3,2013,11,27,2013-11-27,999.9,742
1,2013,12,09,2013-12-09,1.2,639
5,2013,12,20,2013-12-20,999.9,674
6,2013,12,21,2013-12-21,999.9,594
1,2013,12,23,2013-12-23,999.9,707
2,2013,12,10,2013-12-10,1.2,539
3,2013,12,04,2013-12-04,999.9,520
6,2013,12,28,2013-12-28,999.9,475
4,2013,12,12,2013-12-12,1.2,648
4,2013,12,19,2013-12-19,999.9,607
3,2013,12,11,2013-12-11,1.2,605
3,2013,12,25,2013-12-25,999.9,257
7,2013,12,08,2013-12-08,1.2,456
7,2013,12,22,2013-12-22,999.9,505
2,2013,12,31,2013-12-31,999.9,465
1,2013,12,30,2013-12-30,999.9,476
1,2013,12,16,2013-12-16,999.9,640
1,2013,12,02,2013-12-02,999.9,549
7,2013,12,01,2013-12-01,999.9,420
6,2013,12,14,2013-12-14,2.0,690
5,2013,12,27,2013-12-27,999.9,476
5,2013,12,13,2013-12-13,999.9,695
2,2013,12,17,2013-12-17,1.2,703
3,2013,12,18,2013-12-18,999.9,701
2,2013,12,24,2013-12-24,999.9,515
4,2013,12,05,2013-12-05,999.9,573
4,2013,12,26,2013-12-26,999.9,428
6,2013,12,07,2013-12-07,999.9,567
2,2013,12,03,2013-12-03,999.9,553
5,2013,12,06,2013-12-06,999.9,759
7,2013,12,29,2013-12-29,999.9,394
7,2013,12,15,2013-12-15,999.9,450
5,2014,01,03,2014-01-03,7.1,423
6,2014,01,04,2014-01-04,7.1,418
6,2014,01,18,2014-01-18,999.9,448
5,2014,01,31,2014-01-31,1.2,560
5,2014,01,17,2014-01-17,999.9,589
6,2014,01,25,2014-01-25,5.1,475
3,2014,01,22,2014-01-22,7.1,498
2,2014,01,28,2014-01-28,1.2,504
3,2014,01,01,2014-01-01,999.9,399
1,2014,01,27,2014-01-27,2.0,511
1,2014,01,06,2014-01-06,1.2,518
2,2014,01,07,2014-01-07,1.2,491
7,2014,01,12,2014-01-12,999.9,388
5,2014,01,10,2014-01-10,999.9,667
2,2014,01,21,2014-01-21,5.1,1161
3,2014,01,29,2014-01-29,1.2,649
7,2014,01,19,2014-01-19,999.9,380
4,2014,01,16,2014-01-16,999.9,521
4,2014,01,23,2014-01-23,5.9,612
4,2014,01,30,2014-01-30,1.2,657
6,2014,01,11,2014-01-11,999.9,465
2,2014,01,14,2014-01-14,999.9,559
1,2014,01,13,2014-01-13,999.9,568
7,2014,01,05,2014-01-05,5.1,320
3,2014,01,15,2014-01-15,999.9,583
4,2014,01,09,2014-01-09,999.9,561
1,2014,01,20,2014-01-20,999.9,360
5,2014,01,24,2014-01-24,5.1,705
7,2014,01,26,2014-01-26,5.1,465
3,2014,01,08,2014-01-08,999.9,616
4,2014,01,02,2014-01-02,999.9,603
4,2014,02,27,2014-02-27,999.9,571
5,2014,02,28,2014-02-28,999.9,655
6,2014,02,08,2014-02-08,5.1,424
2,2014,02,04,2014-02-04,5.1,613
1,2014,02,17,2014-02-17,9.1,491
4,2014,02,06,2014-02-06,5.9,569
2,2014,02,11,2014-02-11,5.1,636
7,2014,02,09,2014-02-09,5.1,450
7,2014,02,02,2014-02-02,999.9,417
7,2014,02,23,2014-02-23,1.2,414
1,2014,02,24,2014-02-24,999.9,569
6,2014,02,01,2014-02-01,999.9,507
3,2014,02,12,2014-02-12,5.1,640
1,2014,02,10,2014-02-10,5.9,678
4,2014,02,20,2014-02-20,3.9,556
6,2014,02,22,2014-02-22,1.2,587
3,2014,02,05,2014-02-05,5.9,468
7,2014,02,16,2014-02-16,9.8,464
3,2014,02,19,2014-02-19,5.9,552
5,2014,02,07,2014-02-07,5.1,675
1,2014,02,03,2014-02-03,7.1,960
5,2014,02,14,2014-02-14,9.1,792
2,2014,02,18,2014-02-18,9.1,518
6,2014,02,15,2014-02-15,9.8,516
2,2014,02,25,2014-02-25,999.9,513
4,2014,02,13,2014-02-13,9.1,447
3,2014,02,26,2014-02-26,999.9,511
5,2014,02,21,2014-02-21,1.2,545
2,2014,03,11,2014-03-11,999.9,510
4,2014,03,27,2014-03-27,999.9,538
7,2014,03,30,2014-03-30,999.9,437
7,2014,03,16,2014-03-16,999.9,412
1,2014,03,31,2014-03-31,999.9,559
7,2014,03,02,2014-03-02,999.9,344
4,2014,03,06,2014-03-06,999.9,558
2,2014,03,25,2014-03-25,999.9,474
1,2014,03,17,2014-03-17,999.9,519
6,2014,03,15,2014-03-15,999.9,519
6,2014,03,01,2014-03-01,999.9,497
7,2014,03,09,2014-03-09,999.9,404
6,2014,03,22,2014-03-22,999.9,493
1,2014,03,03,2014-03-03,1.2,440
5,2014,03,21,2014-03-21,999.9,589
5,2014,03,28,2014-03-28,999.9,530
6,2014,03,29,2014-03-29,999.9,569
7,2014,03,23,2014-03-23,999.9,427
1,2014,03,24,2014-03-24,999.9,547
3,2014,03,26,2014-03-26,999.9,563
3,2014,03,12,2014-03-12,999.9,515
1,2014,03,10,2014-03-10,999.9,513
6,2014,03,08,2014-03-08,999.9,515
2,2014,03,18,2014-03-18,999.9,551
2,2014,03,04,2014-03-04,1.2,532
5,2014,03,07,2014-03-07,999.9,533
3,2014,03,05,2014-03-05,999.9,491
4,2014,03,13,2014-03-13,999.9,545
5,2014,03,14,2014-03-14,999.9,585
4,2014,03,20,2014-03-20,999.9,627
3,2014,03,19,2014-03-19,999.9,525
3,2014,04,16,2014-04-16,999.9,570
5,2014,04,25,2014-04-25,999.9,617
2,2014,04,15,2014-04-15,999.9,452
7,2014,04,06,2014-04-06,999.9,484
5,2014,04,18,2014-04-18,999.9,496
6,2014,04,05,2014-04-05,999.9,580
1,2014,04,28,2014-04-28,999.9,597
5,2014,04,04,2014-04-04,999.9,622
1,2014,04,21,2014-04-21,999.9,521
6,2014,04,26,2014-04-26,999.9,548
1,2014,04,14,2014-04-14,999.9,514
7,2014,04,27,2014-04-27,999.9,449
4,2014,04,24,2014-04-24,999.9,586
7,2014,04,13,2014-04-13,999.9,482
6,2014,04,12,2014-04-12,999.9,578
4,2014,04,17,2014-04-17,999.9,508
2,2014,04,08,2014-04-08,999.9,606
3,2014,04,02,2014-04-02,999.9,519
2,2014,04,22,2014-04-22,999.9,459
1,2014,04,07,2014-04-07,999.9,533
5,2014,04,11,2014-04-11,999.9,609
3,2014,04,09,2014-04-09,999.9,595
6,2014,04,19,2014-04-19,999.9,525
3,2014,04,23,2014-04-23,999.9,536
4,2014,04,10,2014-04-10,999.9,645
2,2014,04,29,2014-04-29,999.9,555
7,2014,04,20,2014-04-20,999.9,393
3,2014,04,30,2014-04-30,999.9,651
2,2014,04,01,2014-04-01,999.9,549
4,2014,04,03,2014-04-03,999.9,592
4,2014,05,15,2014-05-15,999.9,659
4,2014,05,08,2014-05-08,999.9,596
4,2014,05,01,2014-05-01,999.9,650
1,2014,05,26,2014-05-26,999.9,433
6,2014,05,10,2014-05-10,999.9,549
4,2014,05,29,2014-05-29,999.9,663
1,2014,05,05,2014-05-05,999.9,618
6,2014,05,31,2014-05-31,999.9,587
5,2014,05,16,2014-05-16,999.9,700
3,2014,05,07,2014-05-07,999.9,603
5,2014,05,30,2014-05-30,999.9,650
6,2014,05,24,2014-05-24,999.9,486
3,2014,05,28,2014-05-28,999.9,538
6,2014,05,03,2014-05-03,999.9,590
3,2014,05,14,2014-05-14,999.9,638
5,2014,05,02,2014-05-02,999.9,698
5,2014,05,23,2014-05-23,999.9,660
2,2014,05,13,2014-05-13,999.9,560
7,2014,05,04,2014-05-04,999.9,451
7,2014,05,25,2014-05-25,999.9,472
7,2014,05,18,2014-05-18,999.9,507
4,2014,05,22,2014-05-22,999.9,593
1,2014,05,12,2014-05-12,999.9,581
2,2014,05,27,2014-05-27,999.9,645
1,2014,05,19,2014-05-19,999.9,572
3,2014,05,21,2014-05-21,999.9,575
2,2014,05,06,2014-05-06,999.9,565
2,2014,05,20,2014-05-20,999.9,650
6,2014,05,17,2014-05-17,999.9,619
5,2014,05,09,2014-05-09,999.9,584
7,2014,05,11,2014-05-11,999.9,584
3,2014,06,18,2014-06-18,999.9,663
6,2014,06,07,2014-06-07,999.9,623
2,2014,06,17,2014-06-17,999.9,666
2,2014,06,10,2014-06-10,999.9,569
3,2014,06,25,2014-06-25,999.9,646
4,2014,06,26,2014-06-26,999.9,670
4,2014,06,19,2014-06-19,999.9,675
7,2014,06,15,2014-06-15,999.9,475
1,2014,06,30,2014-06-30,999.9,610
1,2014,06,16,2014-06-16,999.9,622
6,2014,06,21,2014-06-21,999.9,557
7,2014,06,22,2014-06-22,999.9,477
7,2014,06,01,2014-06-01,999.9,604
7,2014,06,29,2014-06-29,999.9,537
3,2014,06,04,2014-06-04,999.9,582
2,2014,06,24,2014-06-24,999.9,632
5,2014,06,27,2014-06-27,999.9,660
5,2014,06,06,2014-06-06,999.9,743
6,2014,06,14,2014-06-14,999.9,613
1,2014,06,09,2014-06-09,999.9,528
5,2014,06,13,2014-06-13,999.9,708
4,2014,06,05,2014-06-05,999.9,569
3,2014,06,11,2014-06-11,999.9,576
1,2014,06,23,2014-06-23,999.9,644
1,2014,06,02,2014-06-02,999.9,643
2,2014,06,03,2014-06-03,999.9,663
7,2014,06,08,2014-06-08,999.9,516
5,2014,06,20,2014-06-20,999.9,765
4,2014,06,12,2014-06-12,999.9,563
6,2014,06,28,2014-06-28,999.9,611
6,2014,07,05,2014-07-05,999.9,505
7,2014,07,20,2014-07-20,999.9,451
3,2014,07,09,2014-07-09,999.9,569
3,2014,07,02,2014-07-02,999.9,658
2,2014,07,01,2014-07-01,999.9,616
2,2014,07,08,2014-07-08,999.9,594
1,2014,07,21,2014-07-21,999.9,557
3,2014,07,16,2014-07-16,999.9,551
5,2014,07,18,2014-07-18,999.9,624
6,2014,07,12,2014-07-12,999.9,550
1,2014,07,28,2014-07-28,999.9,595
5,2014,07,04,2014-07-04,999.9,360
4,2014,07,24,2014-07-24,999.9,539
7,2014,07,06,2014-07-06,999.9,451
5,2014,07,25,2014-07-25,999.9,653
6,2014,07,26,2014-07-26,999.9,534
2,2014,07,22,2014-07-22,999.9,587
5,2014,07,11,2014-07-11,999.9,642
4,2014,07,10,2014-07-10,999.9,584
3,2014,07,30,2014-07-30,999.9,605
7,2014,07,27,2014-07-27,999.9,476
1,2014,07,14,2014-07-14,999.9,567
3,2014,07,23,2014-07-23,999.9,591
6,2014,07,19,2014-07-19,999.9,480
2,2014,07,15,2014-07-15,999.9,587
4,2014,07,31,2014-07-31,999.9,626
2,2014,07,29,2014-07-29,999.9,526
7,2014,07,13,2014-07-13,999.9,439
1,2014,07,07,2014-07-07,999.9,614
4,2014,07,17,2014-07-17,999.9,587
4,2014,07,03,2014-07-03,999.9,740
4,2014,08,28,2014-08-28,999.9,618
3,2014,08,27,2014-08-27,999.9,538
5,2014,08,22,2014-08-22,999.9,568
1,2014,08,11,2014-08-11,999.9,604
3,2014,08,06,2014-08-06,999.9,562
4,2014,08,21,2014-08-21,999.9,567
6,2014,08,02,2014-08-02,999.9,540
7,2014,08,17,2014-08-17,999.9,476
3,2014,08,13,2014-08-13,999.9,572
1,2014,08,25,2014-08-25,999.9,549
6,2014,08,30,2014-08-30,999.9,510
6,2014,08,16,2014-08-16,999.9,490
7,2014,08,03,2014-08-03,999.9,476
5,2014,08,15,2014-08-15,999.9,522
5,2014,08,08,2014-08-08,999.9,601
5,2014,08,01,2014-08-01,999.9,667
2,2014,08,12,2014-08-12,999.9,491
4,2014,08,07,2014-08-07,999.9,585
6,2014,08,23,2014-08-23,999.9,454
2,2014,08,26,2014-08-26,999.9,608
5,2014,08,29,2014-08-29,999.9,631
7,2014,08,24,2014-08-24,999.9,437
1,2014,08,18,2014-08-18,999.9,595
7,2014,08,31,2014-08-31,999.9,495
3,2014,08,20,2014-08-20,999.9,551
2,2014,08,05,2014-08-05,999.9,606
7,2014,08,10,2014-08-10,999.9,512
1,2014,08,04,2014-08-04,999.9,589
4,2014,08,14,2014-08-14,999.9,625
2,2014,08,19,2014-08-19,999.9,516
6,2014,08,09,2014-08-09,999.9,538
4,2014,09,25,2014-09-25,999.9,491
1,2014,09,01,2014-09-01,999.9,392
5,2014,09,19,2014-09-19,999.9,648
2,2014,09,30,2014-09-30,999.9,589
2,2014,09,16,2014-09-16,999.9,613
5,2014,09,12,2014-09-12,999.9,730
5,2014,09,26,2014-09-26,999.9,643
4,2014,09,18,2014-09-18,999.9,650
5,2014,09,05,2014-09-05,999.9,647
6,2014,09,13,2014-09-13,999.9,558
7,2014,09,14,2014-09-14,999.9,528
6,2014,09,27,2014-09-27,999.9,600
2,2014,09,02,2014-09-02,999.9,700
1,2014,09,08,2014-09-08,999.9,598
2,2014,09,23,2014-09-23,999.9,592
1,2014,09,22,2014-09-22,999.9,662
3,2014,09,24,2014-09-24,999.9,566
4,2014,09,11,2014-09-11,999.9,619
6,2014,09,20,2014-09-20,999.9,594
4,2014,09,04,2014-09-04,999.9,727
7,2014,09,07,2014-09-07,999.9,477
3,2014,09,10,2014-09-10,999.9,618
2,2014,09,09,2014-09-09,999.9,592
7,2014,09,21,2014-09-21,999.9,515
3,2014,09,03,2014-09-03,999.9,580
3,2014,09,17,2014-09-17,999.9,658
1,2014,09,29,2014-09-29,999.9,566
1,2014,09,15,2014-09-15,999.9,610
6,2014,09,06,2014-09-06,999.9,553
7,2014,09,28,2014-09-28,999.9,512
5,2014,10,17,2014-10-17,999.9,648
6,2014,10,04,2014-10-04,999.9,531
6,2014,10,11,2014-10-11,999.9,546
1,2014,10,20,2014-10-20,999.9,591
5,2014,10,31,2014-10-31,999.9,668
2,2014,10,07,2014-10-07,999.9,620
4,2014,10,30,2014-10-30,999.9,626
4,2014,10,02,2014-10-02,999.9,558
7,2014,10,19,2014-10-19,999.9,483
6,2014,10,25,2014-10-25,999.9,515
2,2014,10,14,2014-10-14,999.9,697
5,2014,10,03,2014-10-03,999.9,719
4,2014,10,16,2014-10-16,999.9,602
2,2014,10,28,2014-10-28,999.9,571
3,2014,10,01,2014-10-01,999.9,559
5,2014,10,24,2014-10-24,999.9,669
7,2014,10,12,2014-10-12,999.9,473
4,2014,10,09,2014-10-09,999.9,499
5,2014,10,10,2014-10-10,999.9,541
3,2014,10,22,2014-10-22,999.9,708
7,2014,10,05,2014-10-05,999.9,505
2,2014,10,21,2014-10-21,999.9,607
1,2014,10,27,2014-10-27,999.9,642
7,2014,10,26,2014-10-26,999.9,515
3,2014,10,29,2014-10-29,999.9,556
6,2014,10,18,2014-10-18,999.9,494
1,2014,10,13,2014-10-13,999.9,451
4,2014,10,23,2014-10-23,999.9,639
3,2014,10,15,2014-10-15,999.9,575
3,2014,10,08,2014-10-08,999.9,639
1,2014,10,06,2014-10-06,999.9,639
1,2014,11,03,2014-11-03,999.9,625
7,2014,11,09,2014-11-09,999.9,419
5,2014,11,14,2014-11-14,999.9,654
4,2014,11,27,2014-11-27,999.9,378
6,2014,11,08,2014-11-08,999.9,543
4,2014,11,13,2014-11-13,999.9,696
2,2014,11,04,2014-11-04,999.9,538
7,2014,11,23,2014-11-23,999.9,425
1,2014,11,24,2014-11-24,999.9,722
5,2014,11,21,2014-11-21,999.9,677
5,2014,11,07,2014-11-07,999.9,641
7,2014,11,02,2014-11-02,999.9,532
2,2014,11,18,2014-11-18,999.9,712
4,2014,11,06,2014-11-06,999.9,652
6,2014,11,22,2014-11-22,999.9,512
7,2014,11,30,2014-11-30,999.9,377
1,2014,11,17,2014-11-17,999.9,666
5,2014,11,28,2014-11-28,999.9,444
3,2014,11,26,2014-11-26,999.9,742
6,2014,11,01,2014-11-01,999.9,656
3,2014,11,05,2014-11-05,999.9,554
3,2014,11,19,2014-11-19,999.9,633
1,2014,11,10,2014-11-10,999.9,560
3,2014,11,12,2014-11-12,999.9,546
2,2014,11,25,2014-11-25,999.9,599
4,2014,11,20,2014-11-20,999.9,635
6,2014,11,29,2014-11-29,999.9,394
6,2014,11,15,2014-11-15,999.9,529
2,2014,11,11,2014-11-11,999.9,493
7,2014,11,16,2014-11-16,999.9,429
3,2014,12,24,2014-12-24,999.9,519
5,2014,12,12,2014-12-12,999.9,687
2,2014,12,02,2014-12-02,999.9,611
3,2014,12,03,2014-12-03,999.9,569
5,2014,12,26,2014-12-26,999.9,446
5,2014,12,19,2014-12-19,999.9,652
7,2014,12,28,2014-12-28,999.9,349
2,2014,12,09,2014-12-09,999.9,645
6,2014,12,06,2014-12-06,999.9,628
2,2014,12,30,2014-12-30,999.9,469
6,2014,12,27,2014-12-27,999.9,406
2,2014,12,16,2014-12-16,999.9,645
7,2014,12,07,2014-12-07,999.9,493
5,2014,12,05,2014-12-05,999.9,673
6,2014,12,20,2014-12-20,999.9,505
1,2014,12,22,2014-12-22,999.9,566
7,2014,12,21,2014-12-21,999.9,409
6,2014,12,13,2014-12-13,999.9,594
4,2014,12,25,2014-12-25,999.9,303
1,2014,12,08,2014-12-08,999.9,579
3,2014,12,17,2014-12-17,999.9,555
1,2014,12,01,2014-12-01,999.9,644
4,2014,12,18,2014-12-18,999.9,621
3,2014,12,10,2014-12-10,999.9,649
3,2014,12,31,2014-12-31,999.9,461
1,2014,12,15,2014-12-15,999.9,720
2,2014,12,23,2014-12-23,999.9,732
4,2014,12,11,2014-12-11,999.9,669
7,2014,12,14,2014-12-14,999.9,439
1,2014,12,29,2014-12-29,999.9,411
4,2014,12,04,2014-12-04,999.9,606
7,2015,01,18,2015-01-18,999.9,961
7,2015,01,25,2015-01-25,3.1,406
2,2015,01,13,2015-01-13,999.9,613
4,2015,01,15,2015-01-15,999.9,548
7,2015,01,04,2015-01-04,999.9,381
5,2015,01,09,2015-01-09,1.2,751
5,2015,01,16,2015-01-16,999.9,563
1,2015,01,19,2015-01-19,999.9,496
3,2015,01,07,2015-01-07,1.2,538
4,2015,01,22,2015-01-22,999.9,508
5,2015,01,30,2015-01-30,7.9,622
5,2015,01,02,2015-01-02,999.9,442
6,2015,01,03,2015-01-03,999.9,456
1,2015,01,12,2015-01-12,1.2,580
4,2015,01,29,2015-01-29,9.1,519
6,2015,01,24,2015-01-24,1.2,428
1,2015,01,26,2015-01-26,3.1,484
6,2015,01,17,2015-01-17,999.9,495
2,2015,01,20,2015-01-20,999.9,500
7,2015,01,11,2015-01-11,1.2,341
2,2015,01,06,2015-01-06,1.2,777
3,2015,01,14,2015-01-14,999.9,506
3,2015,01,28,2015-01-28,9.1,458
1,2015,01,05,2015-01-05,999.9,498
6,2015,01,31,2015-01-31,7.1,526
5,2015,01,23,2015-01-23,999.9,598
4,2015,01,01,2015-01-01,999.9,395
2,2015,01,27,2015-01-27,9.8,188
3,2015,01,21,2015-01-21,999.9,495
4,2015,01,08,2015-01-08,1.2,573
6,2015,01,10,2015-01-10,1.2,481
3,2015,02,04,2015-02-04,5.9,585
1,2015,02,23,2015-02-23,3.1,574
1,2015,02,02,2015-02-02,9.1,680
3,2015,02,11,2015-02-11,1.2,610
4,2015,02,26,2015-02-26,2.0,539
7,2015,02,08,2015-02-08,3.1,394
2,2015,02,03,2015-02-03,7.9,740
2,2015,02,17,2015-02-17,3.1,620
4,2015,02,19,2015-02-19,2.0,515
5,2015,02,06,2015-02-06,3.9,652
6,2015,02,28,2015-02-28,1.2,538
7,2015,02,22,2015-02-22,3.1,519
1,2015,02,16,2015-02-16,1.2,402
3,2015,02,25,2015-02-25,2.0,628
5,2015,02,13,2015-02-13,1.2,757
1,2015,02,09,2015-02-09,2.0,547
3,2015,02,18,2015-02-18,2.0,626
7,2015,02,01,2015-02-01,5.9,361
6,2015,02,14,2015-02-14,1.2,436
4,2015,02,12,2015-02-12,1.2,526
2,2015,02,10,2015-02-10,2.0,571
6,2015,02,21,2015-02-21,5.1,517
5,2015,02,20,2015-02-20,1.2,621
7,2015,02,15,2015-02-15,1.2,454
6,2015,02,07,2015-02-07,3.9,449
5,2015,02,27,2015-02-27,1.2,703
4,2015,02,05,2015-02-05,5.1,569
2,2015,02,24,2015-02-24,3.1,580
1,2015,03,02,2015-03-02,3.1,650
4,2015,03,19,2015-03-19,999.9,582
7,2015,03,29,2015-03-29,999.9,505
5,2015,03,13,2015-03-13,999.9,609
6,2015,03,14,2015-03-14,999.9,507
3,2015,03,18,2015-03-18,999.9,547
2,2015,03,31,2015-03-31,999.9,628
6,2015,03,28,2015-03-28,999.9,459
4,2015,03,12,2015-03-12,999.9,586
7,2015,03,01,2015-03-01,3.9,693
7,2015,03,15,2015-03-15,999.9,459
2,2015,03,24,2015-03-24,999.9,601
3,2015,03,04,2015-03-04,2.0,574
1,2015,03,16,2015-03-16,999.9,529
1,2015,03,30,2015-03-30,999.9,556
4,2015,03,05,2015-03-05,7.1,830
1,2015,03,23,2015-03-23,999.9,586
4,2015,03,26,2015-03-26,999.9,525
2,2015,03,03,2015-03-03,3.9,631
6,2015,03,21,2015-03-21,1.2,507
1,2015,03,09,2015-03-09,1.2,661
5,2015,03,20,2015-03-20,3.1,570
5,2015,03,27,2015-03-27,999.9,532
7,2015,03,22,2015-03-22,3.1,432
2,2015,03,17,2015-03-17,999.9,528
3,2015,03,11,2015-03-11,1.2,565
2,2015,03,10,2015-03-10,1.2,584
5,2015,03,06,2015-03-06,5.9,939
7,2015,03,08,2015-03-08,2.0,464
3,2015,03,25,2015-03-25,999.9,538
6,2015,03,07,2015-03-07,3.9,578
5,2015,04,24,2015-04-24,999.9,676
4,2015,04,16,2015-04-16,999.9,560
7,2015,04,26,2015-04-26,999.9,477
5,2015,04,10,2015-04-10,999.9,486
2,2015,04,14,2015-04-14,999.9,542
1,2015,04,06,2015-04-06,999.9,510
2,2015,04,28,2015-04-28,999.9,613
7,2015,04,05,2015-04-05,999.9,422
3,2015,04,01,2015-04-01,999.9,648
3,2015,04,15,2015-04-15,999.9,595
6,2015,04,25,2015-04-25,999.9,592
4,2015,04,09,2015-04-09,999.9,452
4,2015,04,23,2015-04-23,999.9,612
4,2015,04,30,2015-04-30,999.9,640
3,2015,04,29,2015-04-29,999.9,679
2,2015,04,21,2015-04-21,999.9,645
6,2015,04,11,2015-04-11,999.9,576
1,2015,04,13,2015-04-13,999.9,554
2,2015,04,07,2015-04-07,999.9,452
6,2015,04,04,2015-04-04,999.9,507
1,2015,04,20,2015-04-20,999.9,630
1,2015,04,27,2015-04-27,999.9,558
7,2015,04,19,2015-04-19,999.9,471
7,2015,04,12,2015-04-12,999.9,443
3,2015,04,22,2015-04-22,999.9,568
4,2015,04,02,2015-04-02,999.9,653
3,2015,04,08,2015-04-08,999.9,457
6,2015,04,18,2015-04-18,999.9,605
5,2015,04,17,2015-04-17,999.9,679
5,2015,04,03,2015-04-03,999.9,491
4,2015,05,28,2015-05-28,999.9,682
1,2015,05,25,2015-05-25,999.9,420
7,2015,05,24,2015-05-24,999.9,432
5,2015,05,01,2015-05-01,999.9,642
3,2015,05,06,2015-05-06,999.9,568
3,2015,05,27,2015-05-27,999.9,697
2,2015,05,12,2015-05-12,999.9,684
6,2015,05,16,2015-05-16,999.9,650
3,2015,05,13,2015-05-13,999.9,655
4,2015,05,14,2015-05-14,999.9,654
7,2015,05,31,2015-05-31,999.9,555
5,2015,05,08,2015-05-08,999.9,709
6,2015,05,02,2015-05-02,999.9,540
1,2015,05,11,2015-05-11,999.9,645
6,2015,05,23,2015-05-23,999.9,546
7,2015,05,10,2015-05-10,999.9,549
6,2015,05,30,2015-05-30,999.9,622
5,2015,05,29,2015-05-29,999.9,813
7,2015,05,03,2015-05-03,999.9,555
5,2015,05,22,2015-05-22,999.9,727
2,2015,05,19,2015-05-19,999.9,606
2,2015,05,05,2015-05-05,999.9,638
4,2015,05,21,2015-05-21,999.9,615
2,2015,05,26,2015-05-26,999.9,686
5,2015,05,15,2015-05-15,999.9,723
6,2015,05,09,2015-05-09,999.9,560
4,2015,05,07,2015-05-07,999.9,684
1,2015,05,04,2015-05-04,999.9,641
3,2015,05,20,2015-05-20,999.9,666
7,2015,05,17,2015-05-17,999.9,543
1,2015,05,18,2015-05-18,999.9,566
6,2015,06,06,2015-06-06,999.9,598
1,2015,06,29,2015-06-29,999.9,662
7,2015,06,21,2015-06-21,999.9,620
5,2015,06,19,2015-06-19,999.9,732
2,2015,06,23,2015-06-23,999.9,703
5,2015,06,26,2015-06-26,999.9,774
2,2015,06,30,2015-06-30,999.9,622
3,2015,06,10,2015-06-10,999.9,667
7,2015,06,14,2015-06-14,999.9,578
6,2015,06,13,2015-06-13,999.9,395
3,2015,06,24,2015-06-24,999.9,778
2,2015,06,16,2015-06-16,999.9,593
3,2015,06,03,2015-06-03,999.9,658
5,2015,06,12,2015-06-12,999.9,451
1,2015,06,22,2015-06-22,999.9,774
6,2015,06,20,2015-06-20,999.9,505
2,2015,06,09,2015-06-09,999.9,652
3,2015,06,17,2015-06-17,999.9,706
7,2015,06,07,2015-06-07,999.9,559
4,2015,06,04,2015-06-04,999.9,552
4,2015,06,18,2015-06-18,999.9,615
2,2015,06,02,2015-06-02,999.9,642
1,2015,06,08,2015-06-08,999.9,634
1,2015,06,01,2015-06-01,999.9,691
7,2015,06,28,2015-06-28,999.9,535
6,2015,06,27,2015-06-27,999.9,595
5,2015,06,05,2015-06-05,999.9,692
4,2015,06,25,2015-06-25,999.9,670
4,2015,06,11,2015-06-11,999.9,666
1,2015,06,15,2015-06-15,999.9,506
5,2015,07,10,2015-07-10,999.9,709
4,2015,07,09,2015-07-09,999.9,567
7,2015,07,05,2015-07-05,999.9,467
2,2015,07,14,2015-07-14,999.9,657
7,2015,07,19,2015-07-19,999.9,545
1,2015,07,20,2015-07-20,999.9,727
3,2015,07,08,2015-07-08,999.9,620
5,2015,07,17,2015-07-17,999.9,659
6,2015,07,18,2015-07-18,999.9,561
5,2015,07,24,2015-07-24,999.9,490
1,2015,07,13,2015-07-13,999.9,668
4,2015,07,30,2015-07-30,999.9,717
6,2015,07,04,2015-07-04,999.9,389
2,2015,07,28,2015-07-28,999.9,643
7,2015,07,26,2015-07-26,999.9,551
1,2015,07,06,2015-07-06,999.9,598
4,2015,07,02,2015-07-02,999.9,603
3,2015,07,15,2015-07-15,999.9,611
5,2015,07,03,2015-07-03,999.9,549
3,2015,07,29,2015-07-29,999.9,629
2,2015,07,07,2015-07-07,999.9,646
3,2015,07,01,2015-07-01,999.9,683
6,2015,07,25,2015-07-25,999.9,451
5,2015,07,31,2015-07-31,999.9,753
4,2015,07,23,2015-07-23,999.9,623
7,2015,07,12,2015-07-12,999.9,521
3,2015,07,22,2015-07-22,999.9,618
1,2015,07,27,2015-07-27,999.9,626
6,2015,07,11,2015-07-11,999.9,597
4,2015,07,16,2015-07-16,999.9,686
2,2015,07,21,2015-07-21,999.9,606
6,2015,08,08,2015-08-08,999.9,545
3,2015,08,19,2015-08-19,999.9,594
4,2015,08,20,2015-08-20,999.9,600
6,2015,08,29,2015-08-29,999.9,539
3,2015,08,05,2015-08-05,999.9,619
3,2015,08,26,2015-08-26,999.9,606
4,2015,08,27,2015-08-27,999.9,614
1,2015,08,10,2015-08-10,999.9,611
5,2015,08,21,2015-08-21,999.9,753
5,2015,08,14,2015-08-14,999.9,729
4,2015,08,13,2015-08-13,999.9,714
2,2015,08,11,2015-08-11,999.9,601
1,2015,08,31,2015-08-31,999.9,614
7,2015,08,30,2015-08-30,999.9,563
2,2015,08,04,2015-08-04,999.9,666
1,2015,08,17,2015-08-17,999.9,592
7,2015,08,23,2015-08-23,999.9,492
1,2015,08,24,2015-08-24,999.9,575
7,2015,08,09,2015-08-09,999.9,489
7,2015,08,16,2015-08-16,999.9,552
3,2015,08,12,2015-08-12,999.9,643
7,2015,08,02,2015-08-02,999.9,550
4,2015,08,06,2015-08-06,999.9,630
6,2015,08,15,2015-08-15,999.9,582
6,2015,08,22,2015-08-22,999.9,581
5,2015,08,28,2015-08-28,999.9,609
1,2015,08,03,2015-08-03,999.9,705
2,2015,08,18,2015-08-18,999.9,623
5,2015,08,07,2015-08-07,999.9,726
6,2015,08,01,2015-08-01,999.9,668
2,2015,08,25,2015-08-25,999.9,595
5,2015,09,25,2015-09-25,999.9,585
6,2015,09,05,2015-09-05,999.9,541
6,2015,09,19,2015-09-19,999.9,655
5,2015,09,11,2015-09-11,999.9,765
1,2015,09,28,2015-09-28,999.9,586
3,2015,09,02,2015-09-02,999.9,654
7,2015,09,06,2015-09-06,999.9,504
2,2015,09,29,2015-09-29,999.9,557
6,2015,09,12,2015-09-12,999.9,554
2,2015,09,08,2015-09-08,999.9,795
7,2015,09,20,2015-09-20,999.9,556
7,2015,09,13,2015-09-13,999.9,478
3,2015,09,23,2015-09-23,999.9,501
2,2015,09,15,2015-09-15,999.9,579
6,2015,09,26,2015-09-26,999.9,557
4,2015,09,24,2015-09-24,999.9,619
5,2015,09,18,2015-09-18,999.9,760
3,2015,09,09,2015-09-09,999.9,740
2,2015,09,01,2015-09-01,999.9,626
3,2015,09,16,2015-09-16,999.9,748
1,2015,09,21,2015-09-21,999.9,624
4,2015,09,10,2015-09-10,999.9,716
1,2015,09,14,2015-09-14,999.9,579
1,2015,09,07,2015-09-07,999.9,485
4,2015,09,17,2015-09-17,999.9,744
4,2015,09,03,2015-09-03,999.9,665
3,2015,09,30,2015-09-30,999.9,634
2,2015,09,22,2015-09-22,999.9,571
7,2015,09,27,2015-09-27,999.9,493
5,2015,09,04,2015-09-04,999.9,643
4,2015,10,29,2015-10-29,999.9,767
6,2015,10,24,2015-10-24,999.9,519
7,2015,10,04,2015-10-04,999.9,536
1,2015,10,26,2015-10-26,999.9,698
2,2015,10,20,2015-10-20,999.9,714
2,2015,10,27,2015-10-27,999.9,631
4,2015,10,08,2015-10-08,999.9,666
3,2015,10,14,2015-10-14,999.9,658
1,2015,10,19,2015-10-19,999.9,667
4,2015,10,22,2015-10-22,999.9,666
3,2015,10,28,2015-10-28,999.9,689
2,2015,10,06,2015-10-06,999.9,631
5,2015,10,30,2015-10-30,999.9,688
5,2015,10,16,2015-10-16,999.9,676
5,2015,10,23,2015-10-23,999.9,742
4,2015,10,15,2015-10-15,999.9,683
5,2015,10,09,2015-10-09,999.9,764
6,2015,10,31,2015-10-31,999.9,357
2,2015,10,13,2015-10-13,999.9,724
5,2015,10,02,2015-10-02,999.9,798
3,2015,10,21,2015-10-21,999.9,720
7,2015,10,18,2015-10-18,999.9,551
1,2015,10,05,2015-10-05,999.9,597
6,2015,10,10,2015-10-10,999.9,649
6,2015,10,03,2015-10-03,999.9,556
7,2015,10,11,2015-10-11,999.9,559
6,2015,10,17,2015-10-17,999.9,565
4,2015,10,01,2015-10-01,999.9,683
7,2015,10,25,2015-10-25,999.9,522
1,2015,10,12,2015-10-12,999.9,505
3,2015,10,07,2015-10-07,999.9,668
4,2015,11,12,2015-11-12,999.9,637
3,2015,11,18,2015-11-18,999.9,628
6,2015,11,21,2015-11-21,999.9,597
5,2015,11,20,2015-11-20,999.9,819
7,2015,11,01,2015-11-01,999.9,312
7,2015,11,15,2015-11-15,999.9,500
6,2015,11,07,2015-11-07,999.9,500
1,2015,11,16,2015-11-16,999.9,618
7,2015,11,29,2015-11-29,999.9,453
5,2015,11,13,2015-11-13,999.9,677
7,2015,11,22,2015-11-22,999.9,431
4,2015,11,19,2015-11-19,999.9,797
2,2015,11,03,2015-11-03,999.9,655
2,2015,11,10,2015-11-10,999.9,757
6,2015,11,14,2015-11-14,999.9,613
2,2015,11,24,2015-11-24,999.9,733
1,2015,11,30,2015-11-30,999.9,611
1,2015,11,23,2015-11-23,999.9,704
5,2015,11,06,2015-11-06,999.9,616
2,2015,11,17,2015-11-17,999.9,684
6,2015,11,28,2015-11-28,999.9,508
4,2015,11,26,2015-11-26,999.9,383
1,2015,11,09,2015-11-09,999.9,615
4,2015,11,05,2015-11-05,999.9,690
3,2015,11,11,2015-11-11,999.9,530
3,2015,11,04,2015-11-04,999.9,672
1,2015,11,02,2015-11-02,999.9,613
5,2015,11,27,2015-11-27,999.9,480
3,2015,11,25,2015-11-25,999.9,717
7,2015,11,08,2015-11-08,999.9,472
5,2015,12,25,2015-12-25,999.9,321
3,2015,12,23,2015-12-23,999.9,805
1,2015,12,28,2015-12-28,999.9,490
5,2015,12,04,2015-12-04,999.9,680
2,2015,12,08,2015-12-08,999.9,618
4,2015,12,24,2015-12-24,999.9,603
7,2015,12,20,2015-12-20,999.9,500
2,2015,12,22,2015-12-22,999.9,699
4,2015,12,03,2015-12-03,999.9,623
4,2015,12,31,2015-12-31,999.9,527
3,2015,12,16,2015-12-16,999.9,673
4,2015,12,10,2015-12-10,999.9,668
2,2015,12,01,2015-12-01,999.9,746
1,2015,12,07,2015-12-07,999.9,668
7,2015,12,13,2015-12-13,999.9,549
6,2015,12,12,2015-12-12,999.9,578
1,2015,12,14,2015-12-14,999.9,637
2,2015,12,15,2015-12-15,999.9,755
1,2015,12,21,2015-12-21,999.9,612
3,2015,12,30,2015-12-30,999.9,501
4,2015,12,17,2015-12-17,999.9,745
3,2015,12,09,2015-12-09,999.9,575
2,2015,12,29,2015-12-29,999.9,533
7,2015,12,06,2015-12-06,999.9,485
3,2015,12,02,2015-12-02,999.9,655
5,2015,12,18,2015-12-18,999.9,767
6,2015,12,05,2015-12-05,999.9,629
6,2015,12,26,2015-12-26,999.9,395
7,2015,12,27,2015-12-27,999.9,518
6,2015,12,19,2015-12-19,999.9,624
5,2015,12,11,2015-12-11,999.9,694
1,2016,01,25,2016-01-25,22.8,658
6,2016,01,09,2016-01-09,999.9,554
3,2016,01,27,2016-01-27,11.8,670
5,2016,01,01,2016-01-01,999.9,393
7,2016,01,10,2016-01-10,999.9,462
3,2016,01,20,2016-01-20,999.9,623
7,2016,01,31,2016-01-31,3.1,532
6,2016,01,02,2016-01-02,999.9,422
3,2016,01,06,2016-01-06,999.9,625
4,2016,01,07,2016-01-07,999.9,542
1,2016,01,04,2016-01-04,999.9,601
6,2016,01,30,2016-01-30,5.1,596
5,2016,01,08,2016-01-08,999.9,602
2,2016,01,26,2016-01-26,16.9,734
6,2016,01,23,2016-01-23,27.2,402
5,2016,01,22,2016-01-22,999.9,702
7,2016,01,24,2016-01-24,27.2,517
2,2016,01,19,2016-01-19,1.2,662
5,2016,01,15,2016-01-15,999.9,722
1,2016,01,18,2016-01-18,1.2,481
3,2016,01,13,2016-01-13,999.9,605
4,2016,01,28,2016-01-28,9.8,681
7,2016,01,17,2016-01-17,1.2,451
4,2016,01,14,2016-01-14,999.9,597
2,2016,01,12,2016-01-12,999.9,637
4,2016,01,21,2016-01-21,999.9,666
1,2016,01,11,2016-01-11,999.9,680
5,2016,01,29,2016-01-29,7.1,645
7,2016,01,03,2016-01-03,999.9,432
2,2016,01,05,2016-01-05,999.9,640
6,2016,01,16,2016-01-16,999.9,563
5,2016,02,26,2016-02-26,999.9,476
4,2016,02,18,2016-02-18,999.9,592
2,2016,02,02,2016-02-02,2.0,711
6,2016,02,27,2016-02-27,999.9,388
2,2016,02,23,2016-02-23,999.9,623
6,2016,02,20,2016-02-20,999.9,555
6,2016,02,13,2016-02-13,999.9,480
1,2016,02,22,2016-02-22,999.9,615
6,2016,02,06,2016-02-06,2.0,553
3,2016,02,17,2016-02-17,999.9,525
5,2016,02,19,2016-02-19,999.9,532
4,2016,02,04,2016-02-04,999.9,609
7,2016,02,07,2016-02-07,1.2,423
2,2016,02,16,2016-02-16,1.2,615
1,2016,02,29,2016-02-29,999.9,616
1,2016,02,15,2016-02-15,2.0,291
5,2016,02,12,2016-02-12,999.9,628
1,2016,02,08,2016-02-08,2.0,501
7,2016,02,14,2016-02-14,999.9,309
5,2016,02,05,2016-02-05,3.9,607
3,2016,02,03,2016-02-03,999.9,579
3,2016,02,24,2016-02-24,999.9,660
7,2016,02,21,2016-02-21,999.9,481
4,2016,02,25,2016-02-25,999.9,663
3,2016,02,10,2016-02-10,2.0,537
1,2016,02,01,2016-02-01,1.2,716
4,2016,02,11,2016-02-11,1.2,622
2,2016,02,09,2016-02-09,1.2,571
7,2016,02,28,2016-02-28,999.9,509
2,2016,03,01,2016-03-01,999.9,662
1,2016,03,28,2016-03-28,999.9,658
6,2016,03,26,2016-03-26,999.9,530
4,2016,03,24,2016-03-24,999.9,635
7,2016,03,13,2016-03-13,999.9,435
3,2016,03,30,2016-03-30,999.9,650
1,2016,03,07,2016-03-07,999.9,571
7,2016,03,06,2016-03-06,999.9,500
3,2016,03,16,2016-03-16,999.9,629
6,2016,03,05,2016-03-05,1.2,601
4,2016,03,31,2016-03-31,999.9,652
5,2016,03,25,2016-03-25,999.9,546
2,2016,03,15,2016-03-15,999.9,608
6,2016,03,19,2016-03-19,999.9,540
5,2016,03,18,2016-03-18,999.9,644
3,2016,03,09,2016-03-09,999.9,660
2,2016,03,08,2016-03-08,999.9,632
7,2016,03,20,2016-03-20,999.9,479
6,2016,03,12,2016-03-12,999.9,625
4,2016,03,17,2016-03-17,999.9,612
1,2016,03,21,2016-03-21,1.2,617
3,2016,03,23,2016-03-23,999.9,621
2,2016,03,29,2016-03-29,999.9,683
4,2016,03,03,2016-03-03,999.9,625
5,2016,03,04,2016-03-04,1.2,685
1,2016,03,14,2016-03-14,999.9,640
2,2016,03,22,2016-03-22,1.2,628
4,2016,03,10,2016-03-10,999.9,629
7,2016,03,27,2016-03-27,999.9,459
3,2016,03,02,2016-03-02,999.9,653
5,2016,03,11,2016-03-11,999.9,672
4,2016,04,14,2016-04-14,999.9,674
6,2016,04,23,2016-04-23,999.9,649
5,2016,04,29,2016-04-29,999.9,517
7,2016,04,17,2016-04-17,999.9,568
1,2016,04,11,2016-04-11,999.9,624
6,2016,04,02,2016-04-02,999.9,597
3,2016,04,27,2016-04-27,999.9,510
3,2016,04,20,2016-04-20,999.9,697
5,2016,04,15,2016-04-15,999.9,733
2,2016,04,12,2016-04-12,999.9,638
7,2016,04,03,2016-04-03,999.9,585
4,2016,04,07,2016-04-07,999.9,630
2,2016,04,19,2016-04-19,999.9,732
4,2016,04,28,2016-04-28,999.9,489
3,2016,04,13,2016-04-13,999.9,700
7,2016,04,10,2016-04-10,999.9,499
1,2016,04,25,2016-04-25,999.9,488
4,2016,04,21,2016-04-21,999.9,694
2,2016,04,05,2016-04-05,999.9,672
5,2016,04,01,2016-04-01,999.9,702
5,2016,04,08,2016-04-08,999.9,696
5,2016,04,22,2016-04-22,999.9,741
1,2016,04,18,2016-04-18,999.9,687
6,2016,04,30,2016-04-30,999.9,581
1,2016,04,04,2016-04-04,999.9,683
6,2016,04,09,2016-04-09,999.9,557
3,2016,04,06,2016-04-06,999.9,628
7,2016,04,24,2016-04-24,999.9,448
6,2016,04,16,2016-04-16,999.9,678
2,2016,04,26,2016-04-26,999.9,479
1,2016,05,30,2016-05-30,999.9,471
1,2016,05,23,2016-05-23,999.9,652
1,2016,05,02,2016-05-02,999.9,589
2,2016,05,03,2016-05-03,999.9,711
5,2016,05,13,2016-05-13,999.9,766
7,2016,05,15,2016-05-15,999.9,510
4,2016,05,19,2016-05-19,999.9,694
4,2016,05,26,2016-05-26,999.9,742
6,2016,05,07,2016-05-07,999.9,571
1,2016,05,09,2016-05-09,999.9,646
3,2016,05,25,2016-05-25,999.9,733
2,2016,05,10,2016-05-10,999.9,608
7,2016,05,01,2016-05-01,999.9,484
5,2016,05,20,2016-05-20,999.9,782
7,2016,05,29,2016-05-29,999.9,566
2,2016,05,17,2016-05-17,999.9,624
5,2016,05,27,2016-05-27,999.9,767
3,2016,05,18,2016-05-18,999.9,676
2,2016,05,31,2016-05-31,999.9,760
3,2016,05,11,2016-05-11,999.9,699
1,2016,05,16,2016-05-16,999.9,742
7,2016,05,22,2016-05-22,999.9,571
4,2016,05,05,2016-05-05,999.9,626
5,2016,05,06,2016-05-06,999.9,728
2,2016,05,24,2016-05-24,999.9,695
7,2016,05,08,2016-05-08,999.9,591
6,2016,05,21,2016-05-21,999.9,568
4,2016,05,12,2016-05-12,999.9,744
6,2016,05,28,2016-05-28,999.9,627
6,2016,05,14,2016-05-14,999.9,589
3,2016,05,04,2016-05-04,999.9,653
5,2016,06,17,2016-06-17,999.9,748
6,2016,06,04,2016-06-04,999.9,635
3,2016,06,01,2016-06-01,999.9,772
5,2016,06,24,2016-06-24,999.9,811
2,2016,06,28,2016-06-28,999.9,675
5,2016,06,10,2016-06-10,999.9,818
4,2016,06,16,2016-06-16,999.9,689
2,2016,06,14,2016-06-14,999.9,717
3,2016,06,22,2016-06-22,999.9,751
2,2016,06,21,2016-06-21,999.9,681
7,2016,06,05,2016-06-05,999.9,466
7,2016,06,19,2016-06-19,999.9,559
1,2016,06,13,2016-06-13,999.9,646
6,2016,06,18,2016-06-18,999.9,700
3,2016,06,15,2016-06-15,999.9,739
7,2016,06,26,2016-06-26,999.9,582
2,2016,06,07,2016-06-07,999.9,709
1,2016,06,06,2016-06-06,999.9,758
3,2016,06,08,2016-06-08,999.9,763
3,2016,06,29,2016-06-29,999.9,687
6,2016,06,11,2016-06-11,999.9,584
5,2016,06,03,2016-06-03,999.9,710
4,2016,06,30,2016-06-30,999.9,761
1,2016,06,20,2016-06-20,999.9,745
7,2016,06,12,2016-06-12,999.9,587
4,2016,06,02,2016-06-02,999.9,683
4,2016,06,23,2016-06-23,999.9,643
4,2016,06,09,2016-06-09,999.9,686
6,2016,06,25,2016-06-25,999.9,688
1,2016,06,27,2016-06-27,999.9,718
3,2016,07,27,2016-07-27,999.9,690
5,2016,07,08,2016-07-08,999.9,612
7,2016,07,24,2016-07-24,999.9,566
1,2016,07,04,2016-07-04,999.9,488
2,2016,07,26,2016-07-26,999.9,688
6,2016,07,23,2016-07-23,999.9,650
5,2016,07,22,2016-07-22,999.9,769
7,2016,07,17,2016-07-17,999.9,574
7,2016,07,03,2016-07-03,999.9,448
7,2016,07,10,2016-07-10,999.9,508
4,2016,07,28,2016-07-28,999.9,709
4,2016,07,21,2016-07-21,999.9,731
6,2016,07,16,2016-07-16,999.9,623
3,2016,07,13,2016-07-13,999.9,607
6,2016,07,02,2016-07-02,999.9,570
7,2016,07,31,2016-07-31,999.9,529
2,2016,07,19,2016-07-19,999.9,699
5,2016,07,15,2016-07-15,999.9,798
1,2016,07,25,2016-07-25,999.9,698
2,2016,07,05,2016-07-05,999.9,663
5,2016,07,29,2016-07-29,999.9,774
4,2016,07,14,2016-07-14,999.9,741
4,2016,07,07,2016-07-07,999.9,603
1,2016,07,11,2016-07-11,999.9,618
6,2016,07,09,2016-07-09,999.9,498
2,2016,07,12,2016-07-12,999.9,662
3,2016,07,06,2016-07-06,999.9,680
1,2016,07,18,2016-07-18,999.9,725
3,2016,07,20,2016-07-20,999.9,698
5,2016,07,01,2016-07-01,999.9,752
6,2016,07,30,2016-07-30,999.9,599
3,2016,08,24,2016-08-24,999.9,635
7,2016,08,07,2016-08-07,999.9,540
4,2016,08,11,2016-08-11,999.9,672
4,2016,08,25,2016-08-25,999.9,659
5,2016,08,05,2016-08-05,999.9,700
3,2016,08,10,2016-08-10,999.9,618
6,2016,08,13,2016-08-13,999.9,614
3,2016,08,31,2016-08-31,999.9,661
2,2016,08,02,2016-08-02,999.9,602
4,2016,08,18,2016-08-18,999.9,635
2,2016,08,16,2016-08-16,999.9,644
3,2016,08,03,2016-08-03,999.9,687
1,2016,08,22,2016-08-22,999.9,669
4,2016,08,04,2016-08-04,999.9,715
5,2016,08,19,2016-08-19,999.9,707
7,2016,08,14,2016-08-14,999.9,521
2,2016,08,09,2016-08-09,999.9,650
3,2016,08,17,2016-08-17,999.9,658
1,2016,08,15,2016-08-15,999.9,643
1,2016,08,29,2016-08-29,999.9,673
7,2016,08,28,2016-08-28,999.9,559
6,2016,08,27,2016-08-27,999.9,624
6,2016,08,20,2016-08-20,999.9,579
7,2016,08,21,2016-08-21,999.9,512
6,2016,08,06,2016-08-06,999.9,578
2,2016,08,23,2016-08-23,999.9,637
5,2016,08,26,2016-08-26,999.9,756
1,2016,08,01,2016-08-01,999.9,569
2,2016,08,30,2016-08-30,999.9,622
1,2016,08,08,2016-08-08,999.9,632
5,2016,08,12,2016-08-12,999.9,729
5,2016,09,16,2016-09-16,999.9,780
4,2016,09,08,2016-09-08,999.9,717
1,2016,09,19,2016-09-19,999.9,680
7,2016,09,18,2016-09-18,999.9,535
7,2016,09,11,2016-09-11,999.9,538
1,2016,09,26,2016-09-26,999.9,623
4,2016,09,22,2016-09-22,999.9,660
5,2016,09,30,2016-09-30,999.9,872
6,2016,09,03,2016-09-03,999.9,498
5,2016,09,02,2016-09-02,999.9,697
2,2016,09,20,2016-09-20,999.9,619
2,2016,09,13,2016-09-13,999.9,779
5,2016,09,23,2016-09-23,999.9,812
1,2016,09,05,2016-09-05,999.9,419
2,2016,09,27,2016-09-27,999.9,659
4,2016,09,15,2016-09-15,999.9,757
6,2016,09,10,2016-09-10,999.9,598
5,2016,09,09,2016-09-09,999.9,715
7,2016,09,25,2016-09-25,999.9,572
4,2016,09,29,2016-09-29,999.9,624
3,2016,09,28,2016-09-28,999.9,637
3,2016,09,07,2016-09-07,999.9,648
3,2016,09,21,2016-09-21,999.9,621
7,2016,09,04,2016-09-04,999.9,466
2,2016,09,06,2016-09-06,999.9,626
1,2016,09,12,2016-09-12,999.9,648
3,2016,09,14,2016-09-14,999.9,779
4,2016,09,01,2016-09-01,999.9,675
6,2016,09,24,2016-09-24,999.9,612
6,2016,09,17,2016-09-17,999.9,646
6,2016,10,01,2016-10-01,999.9,581
1,2016,10,31,2016-10-31,999.9,655
2,2016,10,04,2016-10-04,999.9,523
1,2016,10,03,2016-10-03,999.9,490
3,2016,10,12,2016-10-12,999.9,498
7,2016,10,23,2016-10-23,999.9,534
3,2016,10,05,2016-10-05,999.9,695
6,2016,10,22,2016-10-22,999.9,629
2,2016,10,18,2016-10-18,999.9,590
5,2016,10,07,2016-10-07,999.9,754
4,2016,10,06,2016-10-06,999.9,764
2,2016,10,11,2016-10-11,999.9,739
7,2016,10,09,2016-10-09,999.9,480
4,2016,10,20,2016-10-20,999.9,662
1,2016,10,17,2016-10-17,999.9,585
5,2016,10,28,2016-10-28,999.9,798
4,2016,10,13,2016-10-13,999.9,757
5,2016,10,14,2016-10-14,999.9,767
3,2016,10,26,2016-10-26,999.9,706
3,2016,10,19,2016-10-19,999.9,676
7,2016,10,02,2016-10-02,999.9,486
7,2016,10,30,2016-10-30,999.9,557
1,2016,10,24,2016-10-24,999.9,573
6,2016,10,29,2016-10-29,999.9,614
1,2016,10,10,2016-10-10,999.9,539
5,2016,10,21,2016-10-21,999.9,851
2,2016,10,25,2016-10-25,999.9,566
7,2016,10,16,2016-10-16,999.9,503
6,2016,10,08,2016-10-08,999.9,633
6,2016,10,15,2016-10-15,999.9,641
4,2016,10,27,2016-10-27,999.9,831
2,2016,11,15,2016-11-15,999.9,741
2,2016,11,29,2016-11-29,999.9,752
4,2016,11,17,2016-11-17,999.9,707
3,2016,11,16,2016-11-16,999.9,705
1,2016,11,21,2016-11-21,999.9,684
5,2016,11,04,2016-11-04,999.9,777
7,2016,11,06,2016-11-06,999.9,532
3,2016,11,30,2016-11-30,999.9,730
6,2016,11,19,2016-11-19,999.9,692
5,2016,11,11,2016-11-11,999.9,665
7,2016,11,13,2016-11-13,999.9,518
5,2016,11,18,2016-11-18,999.9,776
7,2016,11,27,2016-11-27,999.9,466
4,2016,11,03,2016-11-03,999.9,689
1,2016,11,28,2016-11-28,999.9,647
5,2016,11,25,2016-11-25,999.9,455
1,2016,11,14,2016-11-14,999.9,668
2,2016,11,08,2016-11-08,999.9,620
4,2016,11,24,2016-11-24,999.9,428
3,2016,11,23,2016-11-23,999.9,807
2,2016,11,01,2016-11-01,999.9,732
3,2016,11,09,2016-11-09,999.9,541
7,2016,11,20,2016-11-20,999.9,529
6,2016,11,26,2016-11-26,999.9,463
3,2016,11,02,2016-11-02,999.9,665
2,2016,11,22,2016-11-22,999.9,765
1,2016,11,07,2016-11-07,999.9,699
6,2016,11,12,2016-11-12,999.9,603
4,2016,11,10,2016-11-10,999.9,706
6,2016,11,05,2016-11-05,999.9,626
5,2016,12,23,2016-12-23,999.9,692
4,2016,12,01,2016-12-01,999.9,734
3,2016,12,07,2016-12-07,999.9,637
2,2016,12,13,2016-12-13,999.9,630
5,2016,12,09,2016-12-09,999.9,701
4,2016,12,22,2016-12-22,999.9,700
4,2016,12,08,2016-12-08,999.9,635
3,2016,12,28,2016-12-28,999.9,546
5,2016,12,16,2016-12-16,999.9,792
2,2016,12,06,2016-12-06,999.9,711
1,2016,12,12,2016-12-12,999.9,665
7,2016,12,04,2016-12-04,999.9,482
5,2016,12,02,2016-12-02,999.9,690
7,2016,12,18,2016-12-18,1.2,521
7,2016,12,25,2016-12-25,999.9,365
1,2016,12,26,2016-12-26,999.9,394
1,2016,12,05,2016-12-05,999.9,791
6,2016,12,24,2016-12-24,999.9,554
6,2016,12,31,2016-12-31,999.9,465
7,2016,12,11,2016-12-11,999.9,522
6,2016,12,10,2016-12-10,999.9,555
4,2016,12,15,2016-12-15,999.9,749
6,2016,12,17,2016-12-17,1.2,623
2,2016,12,27,2016-12-27,999.9,569
3,2016,12,14,2016-12-14,999.9,689
5,2016,12,30,2016-12-30,999.9,583
3,2016,12,21,2016-12-21,999.9,676
1,2016,12,19,2016-12-19,999.9,722
2,2016,12,20,2016-12-20,999.9,719
4,2016,12,29,2016-12-29,999.9,542
6,2016,12,03,2016-12-03,999.9,592
2,2017,01,17,2017-01-17,999.9,657
1,2017,01,02,2017-01-02,999.9,449
2,2017,01,03,2017-01-03,999.9,659
7,2017,01,22,2017-01-22,999.9,411
6,2017,01,14,2017-01-14,2.0,495
5,2017,01,06,2017-01-06,1.2,600
2,2017,01,24,2017-01-24,999.9,564
4,2017,01,19,2017-01-19,999.9,610
1,2017,01,09,2017-01-09,5.9,669
2,2017,01,31,2017-01-31,999.9,571
4,2017,01,12,2017-01-12,1.2,646
7,2017,01,08,2017-01-08,7.1,406
1,2017,01,16,2017-01-16,2.0,477
4,2017,01,26,2017-01-26,999.9,563
3,2017,01,18,2017-01-18,999.9,549
6,2017,01,21,2017-01-21,999.9,475
7,2017,01,15,2017-01-15,1.2,490
1,2017,01,23,2017-01-23,999.9,667
6,2017,01,28,2017-01-28,999.9,501
7,2017,01,01,2017-01-01,999.9,485
3,2017,01,11,2017-01-11,1.2,629
7,2017,01,29,2017-01-29,999.9,428
5,2017,01,20,2017-01-20,999.9,605
6,2017,01,07,2017-01-07,7.9,896
5,2017,01,27,2017-01-27,999.9,583
1,2017,01,30,2017-01-30,999.9,545
2,2017,01,10,2017-01-10,5.1,597
4,2017,01,05,2017-01-05,999.9,552
5,2017,01,13,2017-01-13,1.2,604
3,2017,01,04,2017-01-04,999.9,590
3,2017,01,25,2017-01-25,999.9,576
6,2017,02,11,2017-02-11,5.1,511
7,2017,02,05,2017-02-05,999.9,429
1,2017,02,13,2017-02-13,3.9,642
5,2017,02,10,2017-02-10,7.9,708
3,2017,02,22,2017-02-22,999.9,477
2,2017,02,07,2017-02-07,999.9,626
6,2017,02,18,2017-02-18,999.9,570
5,2017,02,17,2017-02-17,999.9,680
5,2017,02,03,2017-02-03,999.9,609
4,2017,02,23,2017-02-23,999.9,581
3,2017,02,15,2017-02-15,1.2,603
7,2017,02,12,2017-02-12,5.1,439
7,2017,02,19,2017-02-19,999.9,438
6,2017,02,04,2017-02-04,999.9,541
4,2017,02,02,2017-02-02,999.9,586
5,2017,02,24,2017-02-24,999.9,657
7,2017,02,26,2017-02-26,999.9,462
6,2017,02,25,2017-02-25,999.9,573
2,2017,02,21,2017-02-21,999.9,483
4,2017,02,09,2017-02-09,7.9,507
1,2017,02,06,2017-02-06,999.9,567
1,2017,02,27,2017-02-27,999.9,540
4,2017,02,16,2017-02-16,1.2,652
2,2017,02,28,2017-02-28,999.9,591
1,2017,02,20,2017-02-20,999.9,428
2,2017,02,14,2017-02-14,2.0,688
3,2017,02,08,2017-02-08,999.9,673
3,2017,02,01,2017-02-01,999.9,574
3,2017,03,15,2017-03-15,3.9,650
6,2017,03,11,2017-03-11,1.2,548
5,2017,03,17,2017-03-17,2.0,756
1,2017,03,06,2017-03-06,999.9,618
5,2017,03,31,2017-03-31,999.9,753
2,2017,03,07,2017-03-07,999.9,637
5,2017,03,03,2017-03-03,999.9,745
1,2017,03,27,2017-03-27,999.9,629
6,2017,03,18,2017-03-18,2.0,504
7,2017,03,26,2017-03-26,999.9,456
4,2017,03,23,2017-03-23,999.9,703
5,2017,03,24,2017-03-24,999.9,654
7,2017,03,12,2017-03-12,1.2,516
7,2017,03,19,2017-03-19,1.2,550
4,2017,03,30,2017-03-30,999.9,639
3,2017,03,22,2017-03-22,999.9,617
5,2017,03,10,2017-03-10,2.0,612
6,2017,03,25,2017-03-25,999.9,571
4,2017,03,09,2017-03-09,999.9,665
2,2017,03,28,2017-03-28,999.9,592
2,2017,03,14,2017-03-14,5.1,374
3,2017,03,08,2017-03-08,999.9,609
2,2017,03,21,2017-03-21,999.9,636
7,2017,03,05,2017-03-05,999.9,489
1,2017,03,13,2017-03-13,1.2,792
3,2017,03,29,2017-03-29,999.9,672
4,2017,03,16,2017-03-16,3.1,839
4,2017,03,02,2017-03-02,999.9,653
6,2017,03,04,2017-03-04,999.9,536
3,2017,03,01,2017-03-01,999.9,571
1,2017,03,20,2017-03-20,1.2,750
2,2017,04,25,2017-04-25,999.9,723
2,2017,04,18,2017-04-18,999.9,516
2,2017,04,11,2017-04-11,999.9,519
7,2017,04,02,2017-04-02,999.9,514
3,2017,04,12,2017-04-12,999.9,540
3,2017,04,26,2017-04-26,999.9,630
6,2017,04,08,2017-04-08,999.9,627
4,2017,04,20,2017-04-20,999.9,632
2,2017,04,04,2017-04-04,999.9,598
5,2017,04,07,2017-04-07,999.9,694
1,2017,04,24,2017-04-24,999.9,541
5,2017,04,21,2017-04-21,999.9,690
4,2017,04,27,2017-04-27,999.9,688
4,2017,04,13,2017-04-13,999.9,590
4,2017,04,06,2017-04-06,999.9,713
3,2017,04,05,2017-04-05,999.9,587
3,2017,04,19,2017-04-19,999.9,580
1,2017,04,10,2017-04-10,999.9,634
7,2017,04,16,2017-04-16,999.9,481
5,2017,04,14,2017-04-14,999.9,515
1,2017,04,03,2017-04-03,999.9,646
5,2017,04,28,2017-04-28,999.9,857
7,2017,04,23,2017-04-23,999.9,517
6,2017,04,15,2017-04-15,999.9,495
6,2017,04,22,2017-04-22,999.9,551
6,2017,04,29,2017-04-29,999.9,661
7,2017,04,30,2017-04-30,999.9,470
6,2017,04,01,2017-04-01,999.9,591
7,2017,04,09,2017-04-09,999.9,541
1,2017,04,17,2017-04-17,999.9,488
5,2017,05,05,2017-05-05,999.9,776
3,2017,05,17,2017-05-17,999.9,753
4,2017,05,04,2017-05-04,999.9,701
2,2017,05,23,2017-05-23,999.9,659
5,2017,05,12,2017-05-12,999.9,817
6,2017,05,06,2017-05-06,999.9,685
2,2017,05,30,2017-05-30,999.9,647
6,2017,05,27,2017-05-27,999.9,475
1,2017,05,22,2017-05-22,999.9,719
5,2017,05,19,2017-05-19,999.9,974
5,2017,05,26,2017-05-26,999.9,776
7,2017,05,21,2017-05-21,999.9,618
2,2017,05,09,2017-05-09,999.9,651
2,2017,05,16,2017-05-16,999.9,694
4,2017,05,25,2017-05-25,999.9,742
1,2017,05,08,2017-05-08,999.9,638
7,2017,05,07,2017-05-07,999.9,514
7,2017,05,28,2017-05-28,999.9,475
4,2017,05,11,2017-05-11,999.9,686
2,2017,05,02,2017-05-02,999.9,743
1,2017,05,29,2017-05-29,999.9,371
6,2017,05,13,2017-05-13,999.9,683
3,2017,05,24,2017-05-24,999.9,641
1,2017,05,15,2017-05-15,999.9,729
3,2017,05,10,2017-05-10,999.9,668
4,2017,05,18,2017-05-18,999.9,911
3,2017,05,31,2017-05-31,999.9,669
7,2017,05,14,2017-05-14,999.9,633
1,2017,05,01,2017-05-01,999.9,639
6,2017,05,20,2017-05-20,999.9,612
3,2017,05,03,2017-05-03,999.9,714
6,2017,06,10,2017-06-10,999.9,665
4,2017,06,22,2017-06-22,999.9,845
6,2017,06,24,2017-06-24,999.9,753
4,2017,06,08,2017-06-08,999.9,660
3,2017,06,14,2017-06-14,999.9,754
2,2017,06,20,2017-06-20,999.9,813
5,2017,06,16,2017-06-16,999.9,657
7,2017,06,25,2017-06-25,999.9,590
1,2017,06,19,2017-06-19,999.9,819
3,2017,06,07,2017-06-07,999.9,675
4,2017,06,15,2017-06-15,999.9,771
5,2017,06,23,2017-06-23,999.9,793
3,2017,06,21,2017-06-21,999.9,744
5,2017,06,02,2017-06-02,999.9,737
7,2017,06,18,2017-06-18,999.9,593
5,2017,06,09,2017-06-09,999.9,770
6,2017,06,03,2017-06-03,999.9,637
2,2017,06,13,2017-06-13,999.9,829
1,2017,06,12,2017-06-12,999.9,804
2,2017,06,27,2017-06-27,999.9,757
1,2017,06,26,2017-06-26,999.9,669
3,2017,06,28,2017-06-28,999.9,730
5,2017,06,30,2017-06-30,999.9,747
1,2017,06,05,2017-06-05,999.9,656
7,2017,06,04,2017-06-04,999.9,468
4,2017,06,01,2017-06-01,999.9,654
2,2017,06,06,2017-06-06,999.9,660
4,2017,06,29,2017-06-29,999.9,767
7,2017,06,11,2017-06-11,999.9,702
6,2017,06,17,2017-06-17,999.9,654
6,2017,07,15,2017-07-15,999.9,649
5,2017,07,14,2017-07-14,999.9,707
6,2017,07,22,2017-07-22,999.9,648
5,2017,07,21,2017-07-21,999.9,733
6,2017,07,08,2017-07-08,999.9,585
2,2017,07,18,2017-07-18,999.9,706
1,2017,07,10,2017-07-10,999.9,667
1,2017,07,03,2017-07-03,999.9,617
2,2017,07,04,2017-07-04,999.9,424
1,2017,07,31,2017-07-31,999.9,656
3,2017,07,05,2017-07-05,999.9,706
7,2017,07,30,2017-07-30,999.9,606
6,2017,07,29,2017-07-29,999.9,512
6,2017,07,01,2017-07-01,999.9,595
7,2017,07,09,2017-07-09,999.9,512
4,2017,07,06,2017-07-06,999.9,611
2,2017,07,25,2017-07-25,999.9,595
3,2017,07,26,2017-07-26,999.9,635
4,2017,07,13,2017-07-13,999.9,759
1,2017,07,17,2017-07-17,999.9,639
2,2017,07,11,2017-07-11,999.9,638
5,2017,07,28,2017-07-28,999.9,685
3,2017,07,12,2017-07-12,999.9,677
4,2017,07,27,2017-07-27,999.9,610
3,2017,07,19,2017-07-19,999.9,747
7,2017,07,23,2017-07-23,999.9,554
1,2017,07,24,2017-07-24,999.9,620
7,2017,07,16,2017-07-16,999.9,515
4,2017,07,20,2017-07-20,999.9,774
7,2017,07,02,2017-07-02,999.9,537
5,2017,07,07,2017-07-07,999.9,674
3,2017,08,09,2017-08-09,999.9,655
4,2017,08,10,2017-08-10,999.9,650
6,2017,08,12,2017-08-12,999.9,526
1,2017,08,07,2017-08-07,999.9,606
3,2017,08,02,2017-08-02,999.9,618
2,2017,08,01,2017-08-01,999.9,705
5,2017,08,25,2017-08-25,999.9,633
4,2017,08,24,2017-08-24,999.9,631
3,2017,08,23,2017-08-23,999.9,629
7,2017,08,13,2017-08-13,999.9,563
4,2017,08,31,2017-08-31,999.9,618
5,2017,08,18,2017-08-18,999.9,612
1,2017,08,28,2017-08-28,999.9,584
5,2017,08,04,2017-08-04,999.9,758
6,2017,08,19,2017-08-19,999.9,638
6,2017,08,26,2017-08-26,999.9,570
4,2017,08,17,2017-08-17,999.9,639
3,2017,08,16,2017-08-16,999.9,600
4,2017,08,03,2017-08-03,999.9,713
1,2017,08,21,2017-08-21,999.9,627
7,2017,08,27,2017-08-27,999.9,498
3,2017,08,30,2017-08-30,999.9,671
2,2017,08,15,2017-08-15,999.9,577
7,2017,08,20,2017-08-20,999.9,538
2,2017,08,08,2017-08-08,999.9,631
2,2017,08,22,2017-08-22,999.9,684
5,2017,08,11,2017-08-11,999.9,655
1,2017,08,14,2017-08-14,999.9,602
7,2017,08,06,2017-08-06,999.9,519
6,2017,08,05,2017-08-05,999.9,573
2,2017,08,29,2017-08-29,999.9,614
3,2017,09,06,2017-09-06,999.9,608
2,2017,09,26,2017-09-26,999.9,656
7,2017,09,03,2017-09-03,999.9,518
2,2017,09,12,2017-09-12,999.9,680
1,2017,09,11,2017-09-11,999.9,735
4,2017,09,21,2017-09-21,999.9,535
5,2017,09,29,2017-09-29,999.9,757
6,2017,09,09,2017-09-09,999.9,608
4,2017,09,14,2017-09-14,999.9,728
4,2017,09,07,2017-09-07,999.9,790
5,2017,09,01,2017-09-01,999.9,681
1,2017,09,25,2017-09-25,999.9,726
5,2017,09,22,2017-09-22,999.9,614
4,2017,09,28,2017-09-28,999.9,740
7,2017,09,24,2017-09-24,999.9,587
5,2017,09,15,2017-09-15,999.9,827
2,2017,09,19,2017-09-19,999.9,661
7,2017,09,10,2017-09-10,999.9,533
2,2017,09,05,2017-09-05,999.9,707
6,2017,09,16,2017-09-16,999.9,623
6,2017,09,30,2017-09-30,999.9,550
6,2017,09,02,2017-09-02,999.9,562
3,2017,09,27,2017-09-27,999.9,696
7,2017,09,17,2017-09-17,999.9,586
3,2017,09,20,2017-09-20,999.9,583
1,2017,09,04,2017-09-04,999.9,532
1,2017,09,18,2017-09-18,999.9,672
3,2017,09,13,2017-09-13,999.9,738
5,2017,09,08,2017-09-08,999.9,740
6,2017,09,23,2017-09-23,999.9,631
7,2017,10,01,2017-10-01,999.9,571
1,2017,10,30,2017-10-30,999.9,832
2,2017,10,10,2017-10-10,999.9,768
1,2017,10,02,2017-10-02,999.9,739
3,2017,10,18,2017-10-18,999.9,737
6,2017,10,28,2017-10-28,999.9,615
1,2017,10,23,2017-10-23,999.9,669
7,2017,10,15,2017-10-15,999.9,496
3,2017,10,04,2017-10-04,999.9,711
7,2017,10,08,2017-10-08,999.9,521
3,2017,10,25,2017-10-25,999.9,648
3,2017,10,11,2017-10-11,999.9,628
4,2017,10,05,2017-10-05,999.9,657
2,2017,10,17,2017-10-17,999.9,736
7,2017,10,22,2017-10-22,999.9,528
1,2017,10,09,2017-10-09,999.9,546
6,2017,10,14,2017-10-14,999.9,567
2,2017,10,03,2017-10-03,999.9,687
5,2017,10,20,2017-10-20,999.9,823
6,2017,10,07,2017-10-07,999.9,570
5,2017,10,13,2017-10-13,999.9,658
4,2017,10,26,2017-10-26,999.9,658
2,2017,10,24,2017-10-24,999.9,685
6,2017,10,21,2017-10-21,999.9,583
5,2017,10,06,2017-10-06,999.9,649
1,2017,10,16,2017-10-16,999.9,641
5,2017,10,27,2017-10-27,999.9,759
7,2017,10,29,2017-10-29,999.9,613
2,2017,10,31,2017-10-31,999.9,696
4,2017,10,19,2017-10-19,999.9,766
4,2017,10,12,2017-10-12,999.9,603
3,2017,11,08,2017-11-08,999.9,662
5,2017,11,24,2017-11-24,999.9,502
3,2017,11,22,2017-11-22,999.9,774
1,2017,11,27,2017-11-27,999.9,635
4,2017,11,16,2017-11-16,999.9,811
5,2017,11,17,2017-11-17,999.9,814
4,2017,11,23,2017-11-23,999.9,469
1,2017,11,06,2017-11-06,999.9,682
5,2017,11,03,2017-11-03,999.9,776
3,2017,11,15,2017-11-15,999.9,713
6,2017,11,25,2017-11-25,999.9,456
1,2017,11,20,2017-11-20,999.9,748
3,2017,11,01,2017-11-01,999.9,607
7,2017,11,05,2017-11-05,999.9,519
4,2017,11,02,2017-11-02,999.9,746
7,2017,11,12,2017-11-12,999.9,539
7,2017,11,19,2017-11-19,999.9,573
2,2017,11,14,2017-11-14,999.9,647
6,2017,11,18,2017-11-18,999.9,629
6,2017,11,04,2017-11-04,999.9,613
2,2017,11,28,2017-11-28,999.9,649
2,2017,11,07,2017-11-07,999.9,710
3,2017,11,29,2017-11-29,999.9,701
1,2017,11,13,2017-11-13,999.9,699
5,2017,11,10,2017-11-10,999.9,724
6,2017,11,11,2017-11-11,999.9,623
4,2017,11,09,2017-11-09,999.9,702
4,2017,11,30,2017-11-30,999.9,663
7,2017,11,26,2017-11-26,999.9,485
2,2017,11,21,2017-11-21,999.9,790
7,2017,12,31,2017-12-31,1.2,462
2,2017,12,26,2017-12-26,999.9,543
1,2017,12,18,2017-12-18,999.9,706
5,2017,12,29,2017-12-29,999.9,598
7,2017,12,17,2017-12-17,1.2,547
6,2017,12,16,2017-12-16,1.2,661
6,2017,12,02,2017-12-02,999.9,575
5,2017,12,01,2017-12-01,999.9,772
2,2017,12,19,2017-12-19,999.9,657
5,2017,12,08,2017-12-08,999.9,682
3,2017,12,20,2017-12-20,999.9,700
2,2017,12,12,2017-12-12,2.0,687
4,2017,12,28,2017-12-28,999.9,609
1,2017,12,04,2017-12-04,999.9,684
7,2017,12,24,2017-12-24,999.9,469
1,2017,12,11,2017-12-11,1.2,725
6,2017,12,30,2017-12-30,1.2,565
1,2017,12,25,2017-12-25,999.9,333
4,2017,12,21,2017-12-21,999.9,742
4,2017,12,07,2017-12-07,999.9,693
7,2017,12,10,2017-12-10,2.0,513
3,2017,12,13,2017-12-13,999.9,709
5,2017,12,22,2017-12-22,999.9,720
4,2017,12,14,2017-12-14,1.2,883
6,2017,12,09,2017-12-09,3.1,538
3,2017,12,06,2017-12-06,999.9,651
2,2017,12,05,2017-12-05,999.9,704
3,2017,12,27,2017-12-27,999.9,577
7,2017,12,03,2017-12-03,999.9,448
6,2017,12,23,2017-12-23,999.9,565
5,2017,12,15,2017-12-15,1.2,999
3,2018,01,10,2018-01-10,3.9,687
5,2018,01,05,2018-01-05,7.9,700
5,2018,01,26,2018-01-26,999.9,677
1,2018,01,29,2018-01-29,999.9,531
3,2018,01,03,2018-01-03,999.9,645
3,2018,01,24,2018-01-24,999.9,615
6,2018,01,27,2018-01-27,999.9,510
2,2018,01,02,2018-01-02,999.9,654
2,2018,01,30,2018-01-30,1.2,579
4,2018,01,11,2018-01-11,2.0,696
7,2018,01,07,2018-01-07,7.9,476
5,2018,01,12,2018-01-12,1.2,704
3,2018,01,31,2018-01-31,1.2,596
7,2018,01,21,2018-01-21,999.9,418
5,2018,01,19,2018-01-19,999.9,599
2,2018,01,23,2018-01-23,999.9,531
2,2018,01,09,2018-01-09,5.1,684
4,2018,01,04,2018-01-04,7.9,464
1,2018,01,08,2018-01-08,7.1,720
6,2018,01,13,2018-01-13,1.2,603
2,2018,01,16,2018-01-16,999.9,617
4,2018,01,18,2018-01-18,999.9,634
7,2018,01,28,2018-01-28,999.9,412
1,2018,01,15,2018-01-15,999.9,523
3,2018,01,17,2018-01-17,999.9,611
6,2018,01,20,2018-01-20,999.9,530
1,2018,01,22,2018-01-22,999.9,559
4,2018,01,25,2018-01-25,999.9,602
6,2018,01,06,2018-01-06,7.9,599
7,2018,01,14,2018-01-14,999.9,494
1,2018,01,01,2018-01-01,999.9,454
7,2018,02,04,2018-02-04,999.9,541
6,2018,02,03,2018-02-03,999.9,478
5,2018,02,09,2018-02-09,999.9,583
7,2018,02,11,2018-02-11,999.9,479
2,2018,02,20,2018-02-20,999.9,535
6,2018,02,24,2018-02-24,999.9,540
1,2018,02,05,2018-02-05,999.9,706
3,2018,02,28,2018-02-28,999.9,654
4,2018,02,22,2018-02-22,999.9,550
4,2018,02,08,2018-02-08,999.9,616
2,2018,02,27,2018-02-27,999.9,631
4,2018,02,01,2018-02-01,999.9,594
2,2018,02,06,2018-02-06,999.9,545
1,2018,02,12,2018-02-12,999.9,543
5,2018,02,16,2018-02-16,999.9,582
3,2018,02,21,2018-02-21,999.9,601
1,2018,02,19,2018-02-19,2.0,435
7,2018,02,18,2018-02-18,1.2,472
3,2018,02,07,2018-02-07,999.9,653
2,2018,02,13,2018-02-13,999.9,613
5,2018,02,23,2018-02-23,999.9,548
1,2018,02,26,2018-02-26,999.9,557
5,2018,02,02,2018-02-02,999.9,617
4,2018,02,15,2018-02-15,999.9,645
6,2018,02,17,2018-02-17,999.9,604
6,2018,02,10,2018-02-10,999.9,549
7,2018,02,25,2018-02-25,999.9,448
3,2018,02,14,2018-02-14,999.9,671
4,2018,03,22,2018-03-22,7.1,759
5,2018,03,23,2018-03-23,2.0,732
2,2018,03,27,2018-03-27,999.9,627
6,2018,03,31,2018-03-31,999.9,589
5,2018,03,02,2018-03-02,999.9,884
5,2018,03,16,2018-03-16,999.9,753
4,2018,03,01,2018-03-01,999.9,619
1,2018,03,19,2018-03-19,999.9,686
3,2018,03,07,2018-03-07,2.0,517
3,2018,03,14,2018-03-14,1.2,652
3,2018,03,21,2018-03-21,5.1,477
5,2018,03,30,2018-03-30,999.9,580
7,2018,03,18,2018-03-18,999.9,526
2,2018,03,20,2018-03-20,999.9,597
6,2018,03,17,2018-03-17,999.9,562
2,2018,03,06,2018-03-06,999.9,676
4,2018,03,29,2018-03-29,999.9,613
7,2018,03,04,2018-03-04,999.9,457
5,2018,03,09,2018-03-09,1.2,751
4,2018,03,08,2018-03-08,1.2,633
6,2018,03,24,2018-03-24,1.2,550
1,2018,03,26,2018-03-26,999.9,710
2,2018,03,13,2018-03-13,1.2,578
6,2018,03,03,2018-03-03,999.9,609
6,2018,03,10,2018-03-10,999.9,567
7,2018,03,25,2018-03-25,2.0,491
4,2018,03,15,2018-03-15,999.9,689
1,2018,03,05,2018-03-05,999.9,616
7,2018,03,11,2018-03-11,999.9,465
3,2018,03,28,2018-03-28,999.9,629
1,2018,03,12,2018-03-12,999.9,679
4,2018,04,26,2018-04-26,999.9,729
1,2018,04,09,2018-04-09,999.9,625
1,2018,04,30,2018-04-30,999.9,656
7,2018,04,15,2018-04-15,999.9,510
1,2018,04,16,2018-04-16,999.9,741
3,2018,04,18,2018-04-18,999.9,662
7,2018,04,01,2018-04-01,999.9,399
5,2018,04,27,2018-04-27,999.9,690
5,2018,04,20,2018-04-20,999.9,707
6,2018,04,28,2018-04-28,999.9,604
6,2018,04,21,2018-04-21,999.9,584
4,2018,04,12,2018-04-12,999.9,610
3,2018,04,11,2018-04-11,999.9,612
4,2018,04,19,2018-04-19,999.9,706
7,2018,04,08,2018-04-08,999.9,468
6,2018,04,07,2018-04-07,999.9,487
4,2018,04,05,2018-04-05,999.9,531
2,2018,04,10,2018-04-10,999.9,668
1,2018,04,02,2018-04-02,2.0,562
2,2018,04,03,2018-04-03,2.0,551
7,2018,04,29,2018-04-29,999.9,505
6,2018,04,14,2018-04-14,999.9,624
3,2018,04,04,2018-04-04,999.9,554
2,2018,04,24,2018-04-24,999.9,671
5,2018,04,06,2018-04-06,999.9,515
7,2018,04,22,2018-04-22,999.9,568
3,2018,04,25,2018-04-25,999.9,626
5,2018,04,13,2018-04-13,999.9,755
1,2018,04,23,2018-04-23,999.9,675
2,2018,04,17,2018-04-17,999.9,600
1,2018,05,21,2018-05-21,999.9,626
7,2018,05,27,2018-05-27,999.9,487
4,2018,05,03,2018-05-03,999.9,790
4,2018,05,17,2018-05-17,999.9,732
7,2018,05,20,2018-05-20,999.9,578
5,2018,05,04,2018-05-04,999.9,723
3,2018,05,30,2018-05-30,999.9,708
2,2018,05,15,2018-05-15,999.9,778
3,2018,05,02,2018-05-02,999.9,792
2,2018,05,01,2018-05-01,999.9,713
6,2018,05,05,2018-05-05,999.9,602
2,2018,05,29,2018-05-29,999.9,809
3,2018,05,16,2018-05-16,999.9,686
1,2018,05,14,2018-05-14,999.9,689
4,2018,05,24,2018-05-24,999.9,770
6,2018,05,26,2018-05-26,999.9,601
1,2018,05,07,2018-05-07,999.9,695
6,2018,05,19,2018-05-19,999.9,583
3,2018,05,23,2018-05-23,999.9,729
7,2018,05,13,2018-05-13,999.9,529
7,2018,05,06,2018-05-06,999.9,495
3,2018,05,09,2018-05-09,999.9,711
5,2018,05,11,2018-05-11,999.9,805
5,2018,05,25,2018-05-25,999.9,799
4,2018,05,10,2018-05-10,999.9,663
2,2018,05,22,2018-05-22,999.9,689
6,2018,05,12,2018-05-12,999.9,602
1,2018,05,28,2018-05-28,999.9,408
4,2018,05,31,2018-05-31,999.9,698
5,2018,05,18,2018-05-18,999.9,616
2,2018,05,08,2018-05-08,999.9,736
4,2018,06,14,2018-06-14,999.9,833
3,2018,06,06,2018-06-06,999.9,651
4,2018,06,07,2018-06-07,999.9,693
6,2018,06,30,2018-06-30,999.9,651
5,2018,06,08,2018-06-08,999.9,757
2,2018,06,19,2018-06-19,999.9,812
5,2018,06,22,2018-06-22,999.9,728
7,2018,06,24,2018-06-24,999.9,553
6,2018,06,02,2018-06-02,999.9,622
1,2018,06,25,2018-06-25,999.9,733
3,2018,06,20,2018-06-20,999.9,698
7,2018,06,03,2018-06-03,999.9,525
6,2018,06,23,2018-06-23,999.9,513
5,2018,06,01,2018-06-01,999.9,751
5,2018,06,29,2018-06-29,999.9,845
2,2018,06,26,2018-06-26,999.9,762
3,2018,06,13,2018-06-13,999.9,706
7,2018,06,17,2018-06-17,999.9,627
3,2018,06,27,2018-06-27,999.9,540
5,2018,06,15,2018-06-15,999.9,728
2,2018,06,12,2018-06-12,999.9,720
2,2018,06,05,2018-06-05,999.9,688
1,2018,06,04,2018-06-04,999.9,698
4,2018,06,21,2018-06-21,999.9,815
1,2018,06,18,2018-06-18,999.9,808
1,2018,06,11,2018-06-11,999.9,686
7,2018,06,10,2018-06-10,999.9,533
6,2018,06,16,2018-06-16,999.9,677
4,2018,06,28,2018-06-28,999.9,737
6,2018,06,09,2018-06-09,999.9,706
1,2018,07,02,2018-07-02,999.9,719
6,2018,07,14,2018-07-14,999.9,577
6,2018,07,07,2018-07-07,999.9,526
6,2018,07,21,2018-07-21,999.9,622
4,2018,07,19,2018-07-19,999.9,739
2,2018,07,31,2018-07-31,999.9,709
1,2018,07,16,2018-07-16,999.9,719
3,2018,07,04,2018-07-04,999.9,406
5,2018,07,27,2018-07-27,999.9,753
1,2018,07,09,2018-07-09,999.9,672
4,2018,07,12,2018-07-12,999.9,642
3,2018,07,25,2018-07-25,999.9,657
7,2018,07,08,2018-07-08,999.9,545
7,2018,07,22,2018-07-22,999.9,540
6,2018,07,28,2018-07-28,999.9,637
2,2018,07,17,2018-07-17,999.9,680
5,2018,07,20,2018-07-20,999.9,700
3,2018,07,18,2018-07-18,999.9,688
4,2018,07,05,2018-07-05,999.9,720
4,2018,07,26,2018-07-26,999.9,606
3,2018,07,11,2018-07-11,999.9,627
1,2018,07,30,2018-07-30,999.9,580
2,2018,07,10,2018-07-10,999.9,727
7,2018,07,29,2018-07-29,999.9,463
5,2018,07,13,2018-07-13,999.9,726
1,2018,07,23,2018-07-23,999.9,614
2,2018,07,24,2018-07-24,999.9,654
5,2018,07,06,2018-07-06,999.9,654
7,2018,07,15,2018-07-15,999.9,564
7,2018,07,01,2018-07-01,999.9,563
2,2018,07,03,2018-07-03,999.9,678
6,2018,08,04,2018-08-04,999.9,605
3,2018,08,29,2018-08-29,999.9,685
2,2018,08,14,2018-08-14,999.9,701
7,2018,08,19,2018-08-19,999.9,490
7,2018,08,12,2018-08-12,999.9,499
2,2018,08,07,2018-08-07,999.9,658
3,2018,08,15,2018-08-15,999.9,645
1,2018,08,13,2018-08-13,999.9,617
5,2018,08,10,2018-08-10,999.9,707
6,2018,08,18,2018-08-18,999.9,579
5,2018,08,31,2018-08-31,999.9,623
1,2018,08,27,2018-08-27,999.9,651
3,2018,08,08,2018-08-08,999.9,656
7,2018,08,26,2018-08-26,999.9,528
1,2018,08,20,2018-08-20,999.9,562
2,2018,08,28,2018-08-28,999.9,715
4,2018,08,16,2018-08-16,999.9,647
4,2018,08,23,2018-08-23,999.9,610
3,2018,08,01,2018-08-01,999.9,660
4,2018,08,02,2018-08-02,999.9,722
7,2018,08,05,2018-08-05,999.9,573
5,2018,08,24,2018-08-24,999.9,681
4,2018,08,30,2018-08-30,999.9,736
4,2018,08,09,2018-08-09,999.9,709
5,2018,08,03,2018-08-03,999.9,749
6,2018,08,25,2018-08-25,999.9,552
5,2018,08,17,2018-08-17,999.9,703
2,2018,08,21,2018-08-21,999.9,580
1,2018,08,06,2018-08-06,999.9,632
3,2018,08,22,2018-08-22,999.9,599
6,2018,08,11,2018-08-11,999.9,568
1,2018,09,10,2018-09-10,999.9,650
7,2018,09,02,2018-09-02,999.9,528
4,2018,09,20,2018-09-20,999.9,659
2,2018,09,18,2018-09-18,999.9,740
3,2018,09,19,2018-09-19,999.9,519
5,2018,09,07,2018-09-07,999.9,671
6,2018,09,22,2018-09-22,999.9,562
6,2018,09,29,2018-09-29,999.9,603
3,2018,09,26,2018-09-26,999.9,755
6,2018,09,01,2018-09-01,999.9,529
3,2018,09,12,2018-09-12,999.9,783
3,2018,09,05,2018-09-05,999.9,768
2,2018,09,25,2018-09-25,999.9,715
6,2018,09,08,2018-09-08,999.9,568
4,2018,09,13,2018-09-13,999.9,718
7,2018,09,23,2018-09-23,999.9,475
7,2018,09,09,2018-09-09,999.9,556
2,2018,09,04,2018-09-04,999.9,786
2,2018,09,11,2018-09-11,999.9,544
7,2018,09,16,2018-09-16,999.9,597
5,2018,09,28,2018-09-28,999.9,712
4,2018,09,27,2018-09-27,999.9,672
1,2018,09,24,2018-09-24,999.9,594
7,2018,09,30,2018-09-30,999.9,510
5,2018,09,21,2018-09-21,999.9,715
5,2018,09,14,2018-09-14,999.9,684
4,2018,09,06,2018-09-06,999.9,822
6,2018,09,15,2018-09-15,999.9,596
1,2018,09,17,2018-09-17,999.9,673
1,2018,09,03,2018-09-03,999.9,533
4,2018,10,04,2018-10-04,999.9,717
7,2018,10,28,2018-10-28,999.9,556
5,2018,10,26,2018-10-26,999.9,747
3,2018,10,03,2018-10-03,999.9,778
2,2018,10,09,2018-10-09,999.9,628
6,2018,10,06,2018-10-06,999.9,544
3,2018,10,24,2018-10-24,999.9,719
1,2018,10,01,2018-10-01,999.9,583
3,2018,10,31,2018-10-31,999.9,646
2,2018,10,30,2018-10-30,999.9,721
7,2018,10,21,2018-10-21,999.9,593
3,2018,10,10,2018-10-10,999.9,708
1,2018,10,22,2018-10-22,999.9,650
7,2018,10,07,2018-10-07,999.9,529
1,2018,10,15,2018-10-15,999.9,692
4,2018,10,25,2018-10-25,999.9,763
4,2018,10,11,2018-10-11,999.9,741
7,2018,10,14,2018-10-14,999.9,516
5,2018,10,05,2018-10-05,999.9,796
5,2018,10,12,2018-10-12,999.9,830
2,2018,10,02,2018-10-02,999.9,613
6,2018,10,20,2018-10-20,999.9,629
1,2018,10,29,2018-10-29,999.9,696
3,2018,10,17,2018-10-17,999.9,699
2,2018,10,16,2018-10-16,999.9,688
4,2018,10,18,2018-10-18,999.9,735
6,2018,10,27,2018-10-27,999.9,757
6,2018,10,13,2018-10-13,999.9,577
2,2018,10,23,2018-10-23,999.9,681
1,2018,10,08,2018-10-08,999.9,501
5,2018,10,19,2018-10-19,999.9,787
2,2018,11,06,2018-11-06,999.9,679
3,2018,11,07,2018-11-07,999.9,696
4,2018,11,29,2018-11-29,999.9,646
5,2018,11,30,2018-11-30,999.9,743
5,2018,11,23,2018-11-23,999.9,476
6,2018,11,17,2018-11-17,1.2,559
2,2018,11,13,2018-11-13,999.9,754
1,2018,11,26,2018-11-26,999.9,743
6,2018,11,10,2018-11-10,999.9,607
4,2018,11,01,2018-11-01,999.9,696
6,2018,11,24,2018-11-24,999.9,536
4,2018,11,08,2018-11-08,999.9,631
3,2018,11,14,2018-11-14,999.9,688
4,2018,11,22,2018-11-22,999.9,412
2,2018,11,27,2018-11-27,999.9,609
5,2018,11,16,2018-11-16,1.2,720
5,2018,11,02,2018-11-02,999.9,746
4,2018,11,15,2018-11-15,5.1,1065
2,2018,11,20,2018-11-20,999.9,695
5,2018,11,09,2018-11-09,999.9,866
1,2018,11,05,2018-11-05,999.9,759
7,2018,11,18,2018-11-18,999.9,470
6,2018,11,03,2018-11-03,999.9,656
7,2018,11,11,2018-11-11,999.9,500
7,2018,11,04,2018-11-04,999.9,502
3,2018,11,28,2018-11-28,999.9,573
7,2018,11,25,2018-11-25,999.9,483
3,2018,11,21,2018-11-21,999.9,732
1,2018,11,19,2018-11-19,999.9,697
1,2018,11,12,2018-11-12,999.9,497
2,2018,12,18,2018-12-18,999.9,731
3,2018,12,05,2018-12-05,999.9,652
5,2018,12,28,2018-12-28,999.9,681
6,2018,12,01,2018-12-01,999.9,601
6,2018,12,22,2018-12-22,999.9,568
1,2018,12,24,2018-12-24,999.9,580
7,2018,12,23,2018-12-23,999.9,505
7,2018,12,16,2018-12-16,999.9,622
3,2018,12,26,2018-12-26,999.9,514
2,2018,12,25,2018-12-25,999.9,328
5,2018,12,14,2018-12-14,999.9,841
1,2018,12,10,2018-12-10,999.9,651
6,2018,12,29,2018-12-29,999.9,499
6,2018,12,08,2018-12-08,999.9,652
7,2018,12,02,2018-12-02,999.9,558
4,2018,12,13,2018-12-13,999.9,686
5,2018,12,07,2018-12-07,999.9,705
7,2018,12,30,2018-12-30,999.9,404
2,2018,12,11,2018-12-11,999.9,707
6,2018,12,15,2018-12-15,999.9,628
4,2018,12,06,2018-12-06,999.9,681
5,2018,12,21,2018-12-21,999.9,782
1,2018,12,31,2018-12-31,999.9,622
7,2018,12,09,2018-12-09,999.9,465
1,2018,12,03,2018-12-03,999.9,697
4,2018,12,27,2018-12-27,999.9,582
2,2018,12,04,2018-12-04,999.9,684
3,2018,12,12,2018-12-12,999.9,631
4,2018,12,20,2018-12-20,999.9,806
1,2018,12,17,2018-12-17,999.9,689
3,2018,12,19,2018-12-19,999.9,749
5,2019,01,25,2019-01-25,999.9,666
2,2019,01,29,2019-01-29,999.9,681
7,2019,01,13,2019-01-13,999.9,374
7,2019,01,27,2019-01-27,999.9,445
4,2019,01,24,2019-01-24,999.9,592
1,2019,01,28,2019-01-28,999.9,565
6,2019,01,12,2019-01-12,999.9,520
5,2019,01,04,2019-01-04,999.9,598
4,2019,01,31,2019-01-31,999.9,601
3,2019,01,16,2019-01-16,999.9,579
3,2019,01,30,2019-01-30,999.9,630
1,2019,01,14,2019-01-14,999.9,703
2,2019,01,22,2019-01-22,999.9,627
3,2019,01,23,2019-01-23,999.9,553
6,2019,01,26,2019-01-26,999.9,533
7,2019,01,06,2019-01-06,999.9,376
5,2019,01,11,2019-01-11,999.9,644
4,2019,01,03,2019-01-03,999.9,504
1,2019,01,07,2019-01-07,999.9,583
5,2019,01,18,2019-01-18,1.2,596
2,2019,01,01,2019-01-01,999.9,429
2,2019,01,08,2019-01-08,999.9,571
4,2019,01,10,2019-01-10,999.9,580
6,2019,01,05,2019-01-05,999.9,455
3,2019,01,02,2019-01-02,999.9,502
3,2019,01,09,2019-01-09,999.9,514
7,2019,01,20,2019-01-20,999.9,411
4,2019,01,17,2019-01-17,999.9,586
2,2019,01,15,2019-01-15,999.9,618
1,2019,01,21,2019-01-21,999.9,412
6,2019,01,19,2019-01-19,1.2,479
1,2019,02,04,2019-02-04,999.9,651
1,2019,02,25,2019-02-25,999.9,700
4,2019,02,28,2019-02-28,999.9,699
2,2019,02,12,2019-02-12,1.2,687
1,2019,02,11,2019-02-11,999.9,568
6,2019,02,23,2019-02-23,999.9,439
4,2019,02,14,2019-02-14,1.2,664
3,2019,02,13,2019-02-13,1.2,639
5,2019,02,15,2019-02-15,999.9,616
2,2019,02,05,2019-02-05,999.9,570
2,2019,02,26,2019-02-26,999.9,670
7,2019,02,10,2019-02-10,999.9,445
7,2019,02,17,2019-02-17,999.9,439
4,2019,02,21,2019-02-21,1.2,597
3,2019,02,20,2019-02-20,2.0,615
6,2019,02,02,2019-02-02,999.9,577
6,2019,02,09,2019-02-09,999.9,540
3,2019,02,27,2019-02-27,999.9,529
1,2019,02,18,2019-02-18,999.9,406
7,2019,02,24,2019-02-24,999.9,401
5,2019,02,01,2019-02-01,999.9,651
5,2019,02,08,2019-02-08,999.9,661
5,2019,02,22,2019-02-22,1.2,546
7,2019,02,03,2019-02-03,999.9,491
4,2019,02,07,2019-02-07,999.9,588
2,2019,02,19,2019-02-19,999.9,527
6,2019,02,16,2019-02-16,999.9,535
3,2019,02,06,2019-02-06,999.9,615
6,2019,03,16,2019-03-16,999.9,550
4,2019,03,07,2019-03-07,1.2,556
4,2019,03,21,2019-03-21,999.9,624
6,2019,03,23,2019-03-23,999.9,530
2,2019,03,12,2019-03-12,999.9,586
1,2019,03,25,2019-03-25,999.9,526
6,2019,03,02,2019-03-02,2.0,642
3,2019,03,20,2019-03-20,999.9,584
1,2019,03,18,2019-03-18,999.9,575
5,2019,03,01,2019-03-01,999.9,711
1,2019,03,04,2019-03-04,1.2,503
3,2019,03,27,2019-03-27,999.9,562
6,2019,03,30,2019-03-30,999.9,516
5,2019,03,22,2019-03-22,999.9,718
4,2019,03,28,2019-03-28,999.9,644
5,2019,03,29,2019-03-29,999.9,563
7,2019,03,17,2019-03-17,999.9,419
7,2019,03,24,2019-03-24,999.9,466
3,2019,03,06,2019-03-06,1.2,589
2,2019,03,05,2019-03-05,1.2,639
5,2019,03,08,2019-03-08,999.9,652
1,2019,03,11,2019-03-11,999.9,645
2,2019,03,26,2019-03-26,999.9,610
6,2019,03,09,2019-03-09,999.9,523
7,2019,03,10,2019-03-10,999.9,462
2,2019,03,19,2019-03-19,999.9,565
3,2019,03,13,2019-03-13,999.9,562
7,2019,03,31,2019-03-31,999.9,450
7,2019,03,03,2019-03-03,1.2,503
4,2019,03,14,2019-03-14,999.9,611
5,2019,03,15,2019-03-15,999.9,673
3,2019,04,03,2019-04-03,999.9,613
1,2019,04,08,2019-04-08,999.9,594
1,2019,04,15,2019-04-15,999.9,657
3,2019,04,10,2019-04-10,999.9,633
4,2019,04,18,2019-04-18,999.9,540
4,2019,04,25,2019-04-25,999.9,518
1,2019,04,29,2019-04-29,999.9,565
5,2019,04,12,2019-04-12,999.9,688
2,2019,04,09,2019-04-09,999.9,537
6,2019,04,20,2019-04-20,999.9,456
3,2019,04,24,2019-04-24,999.9,515
4,2019,04,04,2019-04-04,999.9,660
7,2019,04,28,2019-04-28,999.9,395
6,2019,04,27,2019-04-27,999.9,526
7,2019,04,21,2019-04-21,999.9,398
1,2019,04,22,2019-04-22,999.9,522
5,2019,04,05,2019-04-05,999.9,701
2,2019,04,02,2019-04-02,999.9,553
7,2019,04,14,2019-04-14,999.9,457
3,2019,04,17,2019-04-17,999.9,620
2,2019,04,23,2019-04-23,999.9,592
1,2019,04,01,2019-04-01,999.9,602
4,2019,04,11,2019-04-11,999.9,537
5,2019,04,26,2019-04-26,999.9,500
7,2019,04,07,2019-04-07,999.9,487
2,2019,04,30,2019-04-30,999.9,587
5,2019,04,19,2019-04-19,999.9,551
2,2019,04,16,2019-04-16,999.9,638
6,2019,04,13,2019-04-13,999.9,599
6,2019,04,06,2019-04-06,999.9,587
5,2019,05,31,2019-05-31,999.9,765
2,2019,05,07,2019-05-07,999.9,647
6,2019,05,11,2019-05-11,999.9,637
1,2019,05,27,2019-05-27,999.9,442
4,2019,05,16,2019-05-16,999.9,642
5,2019,05,17,2019-05-17,999.9,726
2,2019,05,14,2019-05-14,999.9,621
1,2019,05,06,2019-05-06,999.9,630
3,2019,05,15,2019-05-15,999.9,691
1,2019,05,20,2019-05-20,999.9,689
4,2019,05,30,2019-05-30,999.9,625
5,2019,05,10,2019-05-10,999.9,660
5,2019,05,24,2019-05-24,999.9,728
5,2019,05,03,2019-05-03,999.9,651
3,2019,05,08,2019-05-08,999.9,649
7,2019,05,12,2019-05-12,999.9,589
2,2019,05,21,2019-05-21,999.9,745
1,2019,05,13,2019-05-13,999.9,613
6,2019,05,18,2019-05-18,999.9,649
6,2019,05,25,2019-05-25,999.9,520
6,2019,05,04,2019-05-04,999.9,553
3,2019,05,29,2019-05-29,999.9,601
7,2019,05,05,2019-05-05,999.9,529
7,2019,05,26,2019-05-26,999.9,510
7,2019,05,19,2019-05-19,999.9,547
2,2019,05,28,2019-05-28,999.9,654
4,2019,05,02,2019-05-02,999.9,668
3,2019,05,22,2019-05-22,999.9,693
4,2019,05,23,2019-05-23,999.9,722
4,2019,05,09,2019-05-09,999.9,593
3,2019,05,01,2019-05-01,999.9,599
5,2019,06,21,2019-06-21,999.9,771
1,2019,06,17,2019-06-17,999.9,552
7,2019,06,09,2019-06-09,999.9,526
2,2019,06,04,2019-06-04,999.9,615
2,2019,06,11,2019-06-11,999.9,682
4,2019,06,20,2019-06-20,999.9,697
7,2019,06,30,2019-06-30,999.9,569
7,2019,06,16,2019-06-16,999.9,509
4,2019,06,06,2019-06-06,999.9,744
4,2019,06,13,2019-06-13,999.9,634
5,2019,06,07,2019-06-07,999.9,734
7,2019,06,23,2019-06-23,999.9,559
6,2019,06,15,2019-06-15,999.9,620
6,2019,06,22,2019-06-22,999.9,635
5,2019,06,14,2019-06-14,999.9,749
6,2019,06,01,2019-06-01,999.9,557
1,2019,06,24,2019-06-24,999.9,731
2,2019,06,18,2019-06-18,999.9,721
6,2019,06,29,2019-06-29,999.9,660
3,2019,06,19,2019-06-19,999.9,591
3,2019,06,12,2019-06-12,999.9,686
3,2019,06,05,2019-06-05,999.9,655
2,2019,06,25,2019-06-25,999.9,662
1,2019,06,03,2019-06-03,999.9,659
4,2019,06,27,2019-06-27,999.9,734
3,2019,06,26,2019-06-26,999.9,803
5,2019,06,28,2019-06-28,999.9,753
7,2019,06,02,2019-06-02,999.9,515
1,2019,06,10,2019-06-10,999.9,613
6,2019,06,08,2019-06-08,999.9,580
6,2019,07,06,2019-07-06,999.9,471
2,2019,07,09,2019-07-09,999.9,661
3,2019,07,24,2019-07-24,999.9,626
7,2019,07,07,2019-07-07,999.9,441
3,2019,07,17,2019-07-17,999.9,630
5,2019,07,19,2019-07-19,999.9,666
1,2019,07,22,2019-07-22,999.9,640
3,2019,07,03,2019-07-03,999.9,654
1,2019,07,08,2019-07-08,999.9,592
2,2019,07,02,2019-07-02,999.9,591
1,2019,07,01,2019-07-01,999.9,693
7,2019,07,14,2019-07-14,999.9,497
4,2019,07,11,2019-07-11,999.9,658
4,2019,07,04,2019-07-04,999.9,394
7,2019,07,28,2019-07-28,999.9,527
6,2019,07,13,2019-07-13,999.9,558
2,2019,07,23,2019-07-23,999.9,553
3,2019,07,10,2019-07-10,999.9,553
3,2019,07,31,2019-07-31,999.9,604
5,2019,07,05,2019-07-05,999.9,542
5,2019,07,12,2019-07-12,999.9,747
4,2019,07,18,2019-07-18,999.9,620
6,2019,07,20,2019-07-20,999.9,586
7,2019,07,21,2019-07-21,999.9,477
5,2019,07,26,2019-07-26,999.9,650
2,2019,07,16,2019-07-16,999.9,658
6,2019,07,27,2019-07-27,999.9,602
2,2019,07,30,2019-07-30,999.9,638
1,2019,07,15,2019-07-15,999.9,637
1,2019,07,29,2019-07-29,999.9,649
4,2019,07,25,2019-07-25,999.9,605
3,2019,08,21,2019-08-21,999.9,522
6,2019,08,10,2019-08-10,999.9,572
6,2019,08,31,2019-08-31,999.9,502
7,2019,08,04,2019-08-04,999.9,499
3,2019,08,28,2019-08-28,999.9,553
1,2019,08,12,2019-08-12,999.9,586
7,2019,08,18,2019-08-18,999.9,481
1,2019,08,19,2019-08-19,999.9,563
7,2019,08,11,2019-08-11,999.9,484
6,2019,08,03,2019-08-03,999.9,566
1,2019,08,05,2019-08-05,999.9,616
6,2019,08,17,2019-08-17,999.9,533
4,2019,08,22,2019-08-22,999.9,587
3,2019,08,07,2019-08-07,999.9,608
5,2019,08,09,2019-08-09,999.9,645
4,2019,08,01,2019-08-01,999.9,618
2,2019,08,13,2019-08-13,999.9,469
5,2019,08,23,2019-08-23,999.9,569
4,2019,08,29,2019-08-29,999.9,592
2,2019,08,06,2019-08-06,999.9,551
3,2019,08,14,2019-08-14,999.9,537
2,2019,08,20,2019-08-20,999.9,574
1,2019,08,26,2019-08-26,999.9,494
2,2019,08,27,2019-08-27,999.9,529
5,2019,08,02,2019-08-02,999.9,610
5,2019,08,30,2019-08-30,999.9,630
5,2019,08,16,2019-08-16,999.9,523
7,2019,08,25,2019-08-25,999.9,482
4,2019,08,15,2019-08-15,999.9,560
4,2019,08,08,2019-08-08,999.9,646
6,2019,08,24,2019-08-24,999.9,514
5,2019,09,13,2019-09-13,999.9,687
4,2019,09,12,2019-09-12,999.9,689
3,2019,09,04,2019-09-04,999.9,600
7,2019,09,15,2019-09-15,999.9,604
1,2019,09,09,2019-09-09,999.9,603
3,2019,09,18,2019-09-18,999.9,605
1,2019,09,30,2019-09-30,999.9,435
6,2019,09,21,2019-09-21,999.9,577
7,2019,09,08,2019-09-08,999.9,462
1,2019,09,23,2019-09-23,999.9,639
4,2019,09,26,2019-09-26,999.9,645
6,2019,09,07,2019-09-07,999.9,489
1,2019,09,02,2019-09-02,999.9,427
1,2019,09,16,2019-09-16,999.9,620
2,2019,09,10,2019-09-10,999.9,605
4,2019,09,05,2019-09-05,999.9,628
4,2019,09,19,2019-09-19,999.9,605
5,2019,09,20,2019-09-20,999.9,688
5,2019,09,06,2019-09-06,999.9,591
5,2019,09,27,2019-09-27,999.9,703
7,2019,09,22,2019-09-22,999.9,515
6,2019,09,14,2019-09-14,999.9,488
6,2019,09,28,2019-09-28,999.9,532
2,2019,09,03,2019-09-03,999.9,652
2,2019,09,17,2019-09-17,999.9,635
7,2019,09,01,2019-09-01,999.9,473
3,2019,09,11,2019-09-11,999.9,624
3,2019,09,25,2019-09-25,999.9,604
2,2019,09,24,2019-09-24,999.9,628
7,2019,09,29,2019-09-29,999.9,488
4,2019,10,03,2019-10-03,999.9,690
4,2019,10,17,2019-10-17,999.9,608
2,2019,10,29,2019-10-29,999.9,639
1,2019,10,28,2019-10-28,999.9,607
6,2019,10,05,2019-10-05,999.9,557
7,2019,10,27,2019-10-27,999.9,467
4,2019,10,10,2019-10-10,999.9,615
3,2019,10,02,2019-10-02,999.9,688
3,2019,10,30,2019-10-30,999.9,595
7,2019,10,20,2019-10-20,999.9,500
2,2019,10,15,2019-10-15,999.9,549
1,2019,10,07,2019-10-07,999.9,575
6,2019,10,12,2019-10-12,999.9,502
5,2019,10,25,2019-10-25,999.9,647
5,2019,10,04,2019-10-04,999.9,708
6,2019,10,19,2019-10-19,999.9,586
7,2019,10,06,2019-10-06,999.9,435
3,2019,10,16,2019-10-16,999.9,658
5,2019,10,18,2019-10-18,999.9,634
1,2019,10,21,2019-10-21,999.9,559
4,2019,10,24,2019-10-24,999.9,613
2,2019,10,01,2019-10-01,999.9,454
5,2019,10,11,2019-10-11,999.9,606
2,2019,10,08,2019-10-08,999.9,523
6,2019,10,26,2019-10-26,999.9,525
2,2019,10,22,2019-10-22,999.9,562
3,2019,10,23,2019-10-23,999.9,669
4,2019,10,31,2019-10-31,999.9,616
7,2019,10,13,2019-10-13,999.9,441
3,2019,10,09,2019-10-09,999.9,383
1,2019,10,14,2019-10-14,999.9,400
1,2019,11,11,2019-11-11,999.9,481
7,2019,11,24,2019-11-24,999.9,517
5,2019,11,08,2019-11-08,999.9,676
6,2019,11,23,2019-11-23,999.9,528
7,2019,11,10,2019-11-10,999.9,457
4,2019,11,21,2019-11-21,999.9,647
7,2019,11,17,2019-11-17,999.9,444
6,2019,11,02,2019-11-02,999.9,506
6,2019,11,09,2019-11-09,999.9,502
3,2019,11,13,2019-11-13,999.9,599
4,2019,11,14,2019-11-14,999.9,545
2,2019,11,19,2019-11-19,999.9,629
5,2019,11,15,2019-11-15,999.9,621
2,2019,11,05,2019-11-05,999.9,440
2,2019,11,26,2019-11-26,999.9,702
2,2019,11,12,2019-11-12,999.9,595
5,2019,11,29,2019-11-29,999.9,425
1,2019,11,04,2019-11-04,999.9,623
3,2019,11,06,2019-11-06,999.9,615
3,2019,11,20,2019-11-20,999.9,526
7,2019,11,03,2019-11-03,999.9,479
5,2019,11,01,2019-11-01,999.9,782
1,2019,11,25,2019-11-25,999.9,641
4,2019,11,28,2019-11-28,999.9,374
3,2019,11,27,2019-11-27,999.9,561
4,2019,11,07,2019-11-07,999.9,669
1,2019,11,18,2019-11-18,999.9,743
5,2019,11,22,2019-11-22,999.9,633
6,2019,11,16,2019-11-16,999.9,527
6,2019,11,30,2019-11-30,999.9,465
7,2019,12,01,2019-12-01,999.9,409
2,2019,12,10,2019-12-10,999.9,667
7,2019,12,29,2019-12-29,999.9,384
7,2019,12,22,2019-12-22,999.9,510
4,2019,12,26,2019-12-26,999.9,414
2,2019,12,17,2019-12-17,999.9,700
1,2019,12,30,2019-12-30,999.9,518
6,2019,12,14,2019-12-14,999.9,577
2,2019,12,03,2019-12-03,1.2,620
6,2019,12,21,2019-12-21,999.9,520
3,2019,12,18,2019-12-18,999.9,701
1,2019,12,02,2019-12-02,999.9,580
4,2019,12,05,2019-12-05,999.9,597
3,2019,12,11,2019-12-11,1.2,578
2,2019,12,24,2019-12-24,999.9,530
1,2019,12,16,2019-12-16,999.9,519
4,2019,12,19,2019-12-19,999.9,698
7,2019,12,15,2019-12-15,999.9,503
6,2019,12,07,2019-12-07,999.9,566
2,2019,12,31,2019-12-31,999.9,443
4,2019,12,12,2019-12-12,1.2,599
3,2019,12,25,2019-12-25,999.9,264
3,2019,12,04,2019-12-04,1.2,552
5,2019,12,06,2019-12-06,999.9,563
6,2019,12,28,2019-12-28,999.9,355
5,2019,12,13,2019-12-13,999.9,760
1,2019,12,23,2019-12-23,999.9,593
1,2019,12,09,2019-12-09,999.9,737
5,2019,12,20,2019-12-20,999.9,698
5,2019,12,27,2019-12-27,999.9,448
7,2019,12,08,2019-12-08,999.9,455
